facility_name,visible,facility_id,address,lat,lng,city,zip,phone,state,facility_display_note,hours_of_operation/wed/status,hours_of_operation/sun/status,hours_of_operation/fri/status,hours_of_operation/tue/status,hours_of_operation/mon/status,hours_of_operation/thu/status,hours_of_operation/sat/status,hours_of_operation/wed/start,hours_of_operation/wed/end,hours_of_operation/sun/start,hours_of_operation/sun/end,hours_of_operation/fri/start,hours_of_operation/fri/end,hours_of_operation/tue/start,hours_of_operation/tue/end,hours_of_operation/mon/start,hours_of_operation/mon/end,hours_of_operation/thu/start,hours_of_operation/thu/end,hours_of_operation/sat/start,hours_of_operation/sat/end
Abington - Landsdale Hospital,true,7Zi3snKf787FjLgTXbon,100 Medical Campus Dr,40.2502,-75.27009,Lansdale,19446,,PA,,0,0,0,0,0,0,0,,,,,,,,,,,,,,
"Abington Hospital - Jefferson Health (Must Be Jefferson Health Patient, Must Call PCP or Through JeffConnect, Then Be Screened for Testing; Cases Reported to PA DoH Who Will Authorize Testing At Abing",true,YqPReXnK9pa78vgu6gGJ,1200 Old York Rd,40.1174,-75.1203,Abington,19001,,PA,,0,0,0,0,0,0,0,,,,,,,,,,,,,,
Abrazo Arizona Heart Hospital,true,p5QCx75Bb8l4t,1930 E Thomas Rd,33.4813,-112.04007,Phoenix,85016,,AZ,,0,0,0,0,0,0,0,,,,,,,,,,,,,,
Abrazo Arrowhead Campus,true,kEQjDLv1E5Gwlcb,18701 N 67th Ave,33.65403,-112.20287,Glendale,85308,,AZ,,0,0,0,0,0,0,0,,,,,,,,,,,,,,
Abrazo Central Campus,true,ZAsE_I7AcQ1M,2000 W Bethany Home Rd,33.52511,-112.10188,Phoenix,85015,,AZ,,0,0,0,0,0,0,0,,,,,,,,,,,,,,
Abrazo Peoria Emergency Center,true,pEuC1LcS3R7vlVb,26900 N Lake Pleasant Pkwy,33.71149,-112.27134,Peoria,85383,,AZ,,0,0,0,0,0,0,0,,,,,,,,,,,,,,
Abrazo Scottsdale Campus,true,G5C-fxSTwCkBR,3929 E Bell Rd,33.6406,-111.9977,Phoenix,85032,,AZ,,0,0,0,0,0,0,0,,,,,,,,,,,,,,
Abrazo West Campus,true,k_u3xXxnjZzcb,13677 W McDowell Rd,33.46207,-112.35293,Goodyear,85395,,AZ,,0,0,0,0,0,0,0,,,,,,,,,,,,,,
AdventHealth Centra Care Altamonte Springs,true,uwP0RUZ8R-AjYTDI,440 W State Road 436,28.66185,-81.39769,Altamonte Springs,32714,,FL,,0,0,0,0,0,0,0,,,,,,,,,,,,,,
AdventHealth Centra Care Azalea Park,true,KwuCvTHdybfd4I,509 S Semoran Blvd,28.53662,-81.31006,Orlando,32807,,FL,,0,0,0,0,0,0,0,,,,,,,,,,,,,,
AdventHealth Centra Care Brandon,true,8jthVTDzcvzgye6HPCuu,10222 Bloomingdale Ave,27.89649,-82.32749,Riverview,33578,,FL,,0,0,0,0,0,0,0,,,,,,,,,,,,,,
AdventHealth Centra Care Carrollwood,true,FNUXQ2Ev5UTEe33ofMBt,4001 W Linebaugh Ave,28.03981,-82.41607,Tampa,33624,,FL,,0,0,0,0,0,0,0,,,,,,,,,,,,,,
AdventHealth Centra Care Clermont,true,KoaCvdKtgeNUsy,15701 State Road 50 Ste 101,28.56528,-81.69844,Clermont,34711,,FL,,0,0,0,0,0,0,0,,,,,,,,,,,,,,
AdventHealth Centra Care Colonial Town,true,PwPGqUl8k7Og3dsh,630 N Bumby Ave,28.55174,-81.35235,Orlando,32803,,FL,,0,0,0,0,0,0,0,,,,,,,,,,,,,,
AdventHealth Centra Care Conway,true,Kou0idb_wUnTsh,5810 S Semoran Blvd,28.48002,-81.31017,Orlando,32822,,FL,,0,0,0,0,0,0,0,,,,,,,,,,,,,,
AdventHealth Centra Care Dr. Phillip's,true,KoaGR8AjXgN8sI,8014 Conroy Windermere Rd Ste 104,28.49318,-81.49211,Orlando,32835,,FL,,0,0,0,0,0,0,0,,,,,,,,,,,,,,
AdventHealth Centra Care Hunter's Creek,true,K2P0iUELQhNTsh,3293 Greenwald Way N,28.33846,-81.41268,Kissimmee,34741,,FL,,0,0,0,0,0,0,0,,,,,,,,,,,,,,
AdventHealth Centra Care Kids Lake Mary,true,uoa0iT5d_IN84t,105 S Country Club Rd,28.75326,-81.32124,Lake Mary,32746,,FL,,0,0,0,0,0,0,0,,,,,,,,,,,,,,
AdventHealth Centra Care Kissimmee,true,KwaWq8erEhFTDt,4320 W Vine St,28.30363,-81.457,Kissimmee,34746,,FL,,0,0,0,0,0,0,0,,,,,,,,,,,,,,
AdventHealth Centra Care Lake Buena Vista,true,awPCRTwSX9Yd4t,12500 State Road 535,28.38278,-81.50564,Orlando,32836,,FL,,0,0,0,0,0,0,0,,,,,,,,,,,,,,
AdventHealth Centra Care Lake Nona,true,WKKSzyjArYN6ZNi2GFMT,9637 Lake Nona Village Pl,28.41637,-81.26563,Orlando,32827,,FL,,0,0,0,0,0,0,0,,,,,,,,,,,,,,
AdventHealth Centra Care Lee Road,true,apKCRT983KhHFd4I,2540 Lee Rd,28.60571,-81.38387,Winter Park,32789,,FL,,0,0,0,0,0,0,0,,,,,,,,,,,,,,
AdventHealth Centra Care Leesburg,true,PoP0vT2kzyNUxh,1103 N 14th St,28.82587,-81.88749,Leesburg,34748,,FL,,0,0,0,0,0,0,0,,,,,,,,,,,,,,
AdventHealth Centra Care Longwood,true,K2PCvdIdMvex3Tst,855 S US Highway 17 92,28.69414,-81.33173,Longwood,32750,,FL,,0,0,0,0,0,0,0,,,,,,,,,,,,,,
AdventHealth Centra Care Mount Dora,true,PwPWRUvves_8Dh,19015 US Highway 441,28.82414,-81.64142,Mount Dora,32757,,FL,,0,0,0,0,0,0,0,,,,,,,,,,,,,,
AdventHealth Centra Care Orange Lake,true,upK0iU-LQIF8xh,8201 W Irlo Bronson Memorial Hwy,28.34711,-81.62029,Kissimmee,34747,,FL,,0,0,0,0,0,0,0,,,,,,,,,,,,,,
AdventHealth Centra Care Oviedo,true,aoPWiTzdOmc1J8DI,8010 Red Bug Lake Rd,28.65618,-81.23952,Oviedo,32765,,FL,,0,0,0,0,0,0,0,,,,,,,,,,,,,,
AdventHealth Centra Care Palm Coast,true,juGXXHtizhsCMt5QLtCG,1270 Palm Coast Pkwy SW,29.55291,-81.2649,Palm Coast,32137,,FL,,0,0,0,0,0,0,0,,,,,,,,,,,,,,
AdventHealth Centra Care Sand Lake Road,true,KpuCvTwNtXnTxy,2301 Sand Lake Rd,28.45107,-81.41273,Orlando,32809,,FL,,0,0,0,0,0,0,0,,,,,,,,,,,,,,
AdventHealth Centra Care Sanford,true,uwP0RdQEW2J8xy,4451 W State Road 46,28.81123,-81.3341,Sanford,32771,,FL,,0,0,0,0,0,0,0,,,,,,,,,,,,,,
AdventHealth Centra Care South Orange,true,u2u0R8RClg38xy,2609 S Orange Ave,28.51382,-81.37624,Orlando,32806,,FL,,0,0,0,0,0,0,0,,,,,,,,,,,,,,
AdventHealth Centra Care South Tampa,true,6cafs8gLCVnc4Fh3ZNpu,301 N Dale Mabry Hwy,27.94765,-82.50559,Tampa,33609,,FL,,0,0,0,0,0,0,0,,,,,,,,,,,,,,
AdventHealth Centra Care St. Cloud,true,a2PWi8YynjIJUst,4660 13th St,28.2573,-81.32231,Saint Cloud,34769,,FL,,0,0,0,0,0,0,0,,,,,,,,,,,,,,
AdventHealth Centra Care Temple Terrace,true,pEjGARsnjeBu22PSJrMP,5802 E Fowler Ave,28.05449,-82.39091,Temple Terrace,33617,,FL,,0,0,0,0,0,0,0,,,,,,,,,,,,,,
AdventHealth Centra Care University,true,PwKGRTejhdnUDy,11550 University Blvd,28.59704,-81.21947,Orlando,32817,,FL,,0,0,0,0,0,0,0,,,,,,,,,,,,,,
AdventHealth Centra Care Waterford Lakes,true,upPGi8N71o93U4h,250 N Alafaya Trl Ste 135,28.54824,-81.20458,Orlando,32828,,FL,,0,0,0,0,0,0,0,,,,,,,,,,,,,,
AdventHealth Centra Care Wesley Chapel,true,EuHmZTGCawcJDmRPF46H,1127 Bruce B Downs Blvd,28.20872,-82.35342,Wesley Chapel,33544,,FL,,0,0,0,0,0,0,0,,,,,,,,,,,,,,
AdventHealth Centra Care Winter Garden,true,PpuCqUpPnGBNUsI,3005 Daniels Rd,28.53674,-81.59709,Winter Garden,34787,,FL,,0,0,0,0,0,0,0,,,,,,,,,,,,,,
AdventHealth Centra Care Winter Park,true,awuWqTjUokbPn84y,3099 Aloma Ave,28.60418,-81.31012,Winter Park,32792,,FL,,0,0,0,0,0,0,0,,,,,,,,,,,,,,
AdventHealth Wesley Chapel,true,Q3J59xPoXo2Tl,2600 Bruce B Downs Blvd,28.20872,-82.35342,Wesley Chapel,33544,,FL,,0,0,0,0,0,0,0,,,,,,,,,,,,,,
Adventist Health Glendale,true,f8yxNAaY6WEXsVPL3F4Y,1509 Wilson Ter,34.14971,-118.23137,Glendale,91206,,CA,,0,0,0,0,0,0,0,,,,,,,,,,,,,,
Adventist Health White Memorial,true,EFo5VRxpZjCGvaMLLfgW,1720 E Cesar E Chavez Ave,34.04932,-118.21746,Los Angeles,90033,,CA,,0,0,0,0,0,0,0,,,,,,,,,,,,,,
Ah Centra Care Brandon,true,sRTZ3PzY2TeKnhAuMYfi,10222 Bloomingdale Ave,27.89649,-82.32749,Riverview,33578,,FL,,0,0,0,0,0,0,0,,,,,,,,,,,,,,
Ah Centra Care Carollwood,true,kq9y7MMoicK2C8jhwNgK,4001 W Linebaugh Ave,28.04014,-82.5101,Tampa,33624,,FL,,0,0,0,0,0,0,0,,,,,,,,,,,,,,
Ah Centra Care Citrus Park,true,2gzNmFbhwvWzmceDFfS2,6930 Gunn Hwy,28.06553,-82.56564,Tampa,33625,,FL,,0,0,0,0,0,0,0,,,,,,,,,,,,,,
Ah Centra Care Daytona,true,eSDNN5AA7ZJd6pcH98SH,1014 W International Speedway Blvd,29.20289,-81.04131,Daytona Beach,32114,,FL,,0,0,0,0,0,0,0,,,,,,,,,,,,,,
Ah Centra Care Daytona,true,zbYRqBK7cgzcAKpLYujk,1014 W International Speedway Blvd,29.205284118652344,-81.04264831542969,Daytona Beach,32114,,FL,,0,0,0,0,0,0,0,,,,,,,,,,,,,,
Ah Centra Care Deland,true,78nZUdSJvTWqyaXgBvC3,2293 S Woodland Blvd,28.98918,-81.3008,Deland,32720,,FL,,0,0,0,0,0,0,0,,,,,,,,,,,,,,
Ah Centra Care Lake Nona,true,9qQDStJr3sS3ezVH7sN8,9637 Lake Nona Village Pl,28.41637,-81.26563,Orlando,32827,,FL,,0,0,0,0,0,0,0,,,,,,,,,,,,,,
Ah Centra Care Orange City,true,K2aCqTUbclYTsI,1360 Saxon Blvd,28.91048,-81.27569,Orange City,32763,,FL,,0,0,0,0,0,0,0,,,,,,,,,,,,,,
Ah Centra Care Ormond Beach,true,viKA7oNqZ5LRWNamCc86,1245 W Granada Blvd,29.26607,-81.10471,Ormond Beach,32174,,FL,,0,0,0,0,0,0,0,,,,,,,,,,,,,,
Ah Centra Care Port Orange,true,TpbwP26jYybVmCpMpt9b,1208 Dunlawton Ave,29.12414,-81.01098,Port Orange,32127,,FL,,0,0,0,0,0,0,0,,,,,,,,,,,,,,
Ah Centra Care South Tampa,true,mG8ShUFmSkhDP9EHkoew,301 N Dale Mabry Hwy,27.94765,-82.50559,Tampa,33609,,FL,,0,0,0,0,0,0,0,,,,,,,,,,,,,,
Ah Centra Care Temple Terrace,true,ZZFLaRWZMqyniaKmy2LH,5802 E Fowler Ave,28.05449,-82.39091,Temple Terrace,33617,,FL,,0,0,0,0,0,0,0,,,,,,,,,,,,,,
Ah Centra Care Wesley Chapel,true,pMmYpasP8PEP7Cqf4BLq,1127 Bruce B Downs Blvd,28.20872,-82.35342,Wesley Chapel,33544,,FL,,0,0,0,0,0,0,0,,,,,,,,,,,,,,
Anthony Wayne Recreation Area - Rockland County Drive-Thru,true,8W4Rcjfvr2xnNbLQiGQe,"Palisades Interstate Pkwy, Exit 17",41.29716873168945,-74.02806854248047,Woodbury,10911,,NY,,0,0,0,0,0,0,0,,,,,,,,,,,,,,
Arise Austin Medical Center,true,YdEEBDBSZ3GBzgyDrUZk,3003 Bee Caves Rd,30.27077,-97.79329,Austin,78746,,TX,,0,0,0,0,0,0,0,,,,,,,,,,,,,,
Ascension Seton Medical Center Austin,true,3zCjvoeRxjfgpXXFCbx8,1201 W 38th St,30.30481,-97.74559,Austin,78705,,TX,,0,0,0,0,0,0,0,,,,,,,,,,,,,,
Ascension Seton Northwest,true,DEoaaPGBSpmqzK9UXb7D,11113 Research Blvd,30.406,-97.74519,Austin,78759,,TX,,0,0,0,0,0,0,0,,,,,,,,,,,,,,
Ascension Seton Southwest,true,89LSYAs6WwzCoua87TLU,7900 FM 1826,30.22296,-97.89577,Austin,78737,,TX,,0,0,0,0,0,0,0,,,,,,,,,,,,,,
Atlanticare Regional Medical Center,true,0a1sT_HdP6Jh,65 W Jimmie Leeds Rd,39.47646,-74.54014,Pomona,08240,,NJ,,0,0,0,0,0,0,0,,,,,,,,,,,,,,
Atlanticare Regional Medical Center,true,k5uIh9Ae1Zl4s,798 N Green St Bldg A Ste 1,39.61534,-74.34289,Little Egg Harbor Twp,08087,,NJ,,0,0,0,0,0,0,0,,,,,,,,,,,,,,
Atlanticare Regional Medical Center,true,ool_X_ZtH9HjGv,1925 Pacific Ave,39.358,-74.43365,Atlantic City,08401,,NJ,,0,0,0,0,0,0,0,,,,,,,,,,,,,,
AtlantiCare Urgent Care Galloway,true,XPQ9T15YNPnq,110 E Jimmie Leeds Rd,39.4717,-74.51516,Galloway,08205,,NJ,,1,1,1,1,1,1,1,08:30:00,20:30:00,08:30:00,20:30:00,08:30:00,20:30:00,08:30:00,20:30:00,08:30:00,20:30:00,08:30:00,20:30:00,08:30:00,20:30:00
AtlantiCare Urgent Care Galloway,true,YoyNkdcEQYpmmejVRc7Z,110 E Jimmie Leeds Rd,39.4717,-74.51516,Galloway,08205,,NJ,,0,0,0,0,0,0,0,,,,,,,,,,,,,,
Aventura Hospital and Medical Center,true,x7YQNXg_XrzA,20900 Biscayne Blvd,25.96993,-80.14533,Aventura,33180,,FL,,0,0,0,0,0,0,0,,,,,,,,,,,,,,
Banner Baywood Medical Center,true,vUUSlqeTVeCL,6644 E Baywood Ave,33.41127,-111.68915,Mesa,85206,,AZ,,0,0,0,0,0,0,0,,,,,,,,,,,,,,
Banner Boswell Medical Center,true,um5miok5JrQexyu,10401 W Thunderbird Blvd,33.60326,-112.28255,Sun City,85351,,AZ,,0,0,0,0,0,0,0,,,,,,,,,,,,,,
Banner Casa Grande Medical Center,true,eZHg7JM5rZCKRSwYVtRw,1800 E Florence Blvd,32.87967,-111.70816,Casa Grande,85122,,AZ,,0,0,0,0,0,0,0,,,,,,,,,,,,,,
Banner del E. Webb Medical Center,true,f5YNUWO7nu_f,14502 W Meeker Blvd,33.6592,-112.37255,Sun City West,85375,,AZ,,0,0,0,0,0,0,0,,,,,,,,,,,,,,
Banner Estrella Medical Center,true,GdMH8mEfsn6lB_9b,9201 W Thomas Rd,33.47817,-112.25744,Phoenix,85037,,AZ,,0,0,0,0,0,0,0,,,,,,,,,,,,,,
Banner Gateway Medical Center,true,Tb2Pz4CRF5OY,1900 N Higley Rd,33.38217,-111.72129,Gilbert,85234,,AZ,,0,0,0,0,0,0,0,,,,,,,,,,,,,,
Banner Heart Hospital,true,yB_J45_4rixQ,6750 E Baywood Ave,33.41047,-111.68562,Mesa,85206,,AZ,,0,0,0,0,0,0,0,,,,,,,,,,,,,,
Banner Thunderbird Medical Center,true,qe4gLiyEUStJxoTJReuF,5555 W Thunderbird Rd,33.60919,-112.17911,Glendale,85306,,AZ,,0,0,0,0,0,0,0,,,,,,,,,,,,,,
Banner University Medical Center Phoenix,true,FKecpKTSw4jeCzOM,1111 E McDowell Rd,33.4643,-112.05879,Phoenix,85006,,AZ,,0,0,0,0,0,0,0,,,,,,,,,,,,,,
Banner University Medical Center South Campus,true,SFPpxkjXEyeCK,2800 E Ajo Way,32.17785,-110.93199,Tucson,85713,,AZ,,0,0,0,0,0,0,0,,,,,,,,,,,,,,
Baptist Emergency Hospital Kelly,true,V2ziaxVqtqJL5uEP3t2Z,836 Cupples Rd,29.40307,-98.54839,San Antonio,78237,,TX,,0,0,0,0,0,0,0,,,,,,,,,,,,,,
Baptist Emergency Hospital Overlook,true,uTHJPUGeLkoj,25615 US Highway 281 N,29.67442,-98.45942,San Antonio,78258,,TX,,0,0,0,0,0,0,0,,,,,,,,,,,,,,
Baptist Emergency Hospital Schertz,true,PvDg_ARtyX9-,16977 Interstate 35 N,29.56329,-98.27326,Schertz,78154,,TX,,0,0,0,0,0,0,0,,,,,,,,,,,,,,
Baptist Emergency Hospital Thousand Oaks,true,5wj8GokGUvPF,16088 San Pedro Ave,29.58904,-98.47426,San Antonio,78232,,TX,,0,0,0,0,0,0,0,,,,,,,,,,,,,,
Baptist Emergency Hospital Westover Hills,true,UmAdtisLxXia,10811 Town Center Dr,29.46851,-98.67628,San Antonio,78251,,TX,,0,0,0,0,0,0,0,,,,,,,,,,,,,,
Baptist Emergency Hospital Zarzamora,true,u-zKsUE5Wufh7,7719 Interstate 35 S,29.35656,-98.53113,San Antonio,78224,,TX,,0,0,0,0,0,0,0,,,,,,,,,,,,,,
Baptist Hospital,true,ugqjNMT2Vhp33iSAPKjX,8900 N Kendall Dr,25.68596,-80.36229,Miami,33176,,FL,,0,0,0,0,0,0,0,,,,,,,,,,,,,,
Baptist Medical Center,true,TIWjGrQPxBB8,111 Dallas St,29.43298,-98.49278,San Antonio,78205,,TX,,0,0,0,0,0,0,0,,,,,,,,,,,,,,
Baylor Scott & White Medical Center Round Rock,true,Mw9tB5vhyhkW6caQzZFz,300 University Blvd,30.56029,-97.68516,Round Rock,78665,,TX,,0,0,0,0,0,0,0,,,,,,,,,,,,,,
Bayonne Medical Center,true,TE2yJAx2DsVzS5NJSCe7,29 E 29th St,40.66933,-74.11542,Bayonne,07002,,NJ,,0,0,0,0,0,0,0,,,,,,,,,,,,,,
"Beaumont Hospital,  Farmington Hills",true,s7fiThXk54khJSb72geG,28050 Grand River Ave,42.4437,-83.32463,Farmington Hills,48336,,MI,,0,0,0,0,0,0,0,,,,,,,,,,,,,,
"Beaumont Hospital, Dearborn",true,QM4qdXWoxLr4vEtnEU4K,18101 Oakwood Blvd,42.29243,-83.21348,Dearborn,48124,,MI,,0,0,0,0,0,0,0,,,,,,,,,,,,,,
"Beaumont Hospital, Grosse Pointe",true,QEwV29PSQy49hywuS5cT,468 Cadieux Rd,42.38438,-82.9154,Grosse Pointe,48230,,MI,,0,0,0,0,0,0,0,,,,,,,,,,,,,,
"Beaumont Hospital, Royal Oak",true,cbPWPJmB2Ujp9tNrRjV9,3601 W 13 Mile Rd,42.51419,-83.19269,Royal Oak,48073,,MI,,0,0,0,0,0,0,0,,,,,,,,,,,,,,
"Beaumont Hospital, Trenton",true,vdRQZ2LbWEZqhFnBYZir,5450 Fort St,42.11652,-83.21128,Trenton,48183,,MI,,0,0,0,0,0,0,0,,,,,,,,,,,,,,
"Beaumont Hospital, Troy",true,72PvipTNzokASDaxxvUU,44201 Dequindre Rd,42.61434,-83.09111,Troy,48085,,MI,,0,0,0,0,0,0,0,,,,,,,,,,,,,,
"Beaumont Hospital, Wayne",true,owVdigndar2WNDDpVvEZ,33155 Annapolis St,42.27418,-83.36552,Wayne,48184,,MI,,0,0,0,0,0,0,0,,,,,,,,,,,,,,
Ben Taub General Hospital,true,V2ztPhFobwL9ZB44GDz3,1504 Ben Taub Loop,29.71097755432129,-95.39408874511719,Houston,77030,,TX,,0,0,0,0,0,0,0,,,,,,,,,,,,,,
Bergen Community College,true,FskxTGwKbgEtfzAscyeP,400 Paramus Rd,40.94565,-74.08804,Paramus,07652,,NJ,,0,0,0,0,0,0,0,,,,,,,,,,,,,,
Bethesda Hospital West,true,ezhbE3QKiZM7vd6CkNeh,9655 Boynton Beach Blvd,26.53547,-80.18081,Boynton Beach,33472,,FL,,0,0,0,0,0,0,0,,,,,,,,,,,,,,
Beverly Hospital,true,2QYRuaQjzFmBHvDwPjdG,309 W Beverly Blvd,34.01598,-118.10073,Montebello,90640,,CA,,0,0,0,0,0,0,0,,,,,,,,,,,,,,
Blake Medical Center,true,ac6tjlTLuR0fQC,PO Box 402993,33.84437,-84.47405,Atlanta,30384,,GA,,0,0,0,0,0,0,0,,,,,,,,,,,,,,
Blake Medical Center - Acute,true,QD2HosvY4aqf4u8evVmF,2020 59th St W,27.4821,-82.62055,Bradenton,34209,,FL,,0,0,0,0,0,0,0,,,,,,,,,,,,,,
Bon Secours - Saint Mary's Hospital,true,FRSpdKSJuepQvRGsKZhf,5801 Bremo Rd,37.58497,-77.51253,Richmond,23226,,VA,,0,0,0,0,0,0,0,,,,,,,,,,,,,,
Brandon Regional Hospital,true,NZ8ycJoWiPTj2yTu5b2q,119 Oakfield Dr,27.93391,-82.28823,Brandon,33511,,FL,,0,0,0,0,0,0,0,,,,,,,,,,,,,,
Brandywine Hospital,true,ATNeEJQQsvrjLUeX4xsj,201 Reeceville Rd,40.00954,-75.78667,Coatesville,19320,,PA,,0,0,0,0,0,0,0,,,,,,,,,,,,,,
Bridgeport Hospital,true,6REhr8Lsu73HxrMyiYLd,267 Grant St,41.18893,-73.16641,Bridgeport,06610,,CT,,0,0,0,0,0,0,0,,,,,,,,,,,,,,
Bristol Hospital,true,gvpkjMintCmMK3t5o8qG,41 Brewster Rd,41.67591,-72.93572,Bristol,06010,,CT,,0,0,0,0,0,0,0,,,,,,,,,,,,,,
California Hospital Medical Center,true,o26VfXXwfFdBtLUESQZY,1401 S Grand Ave,34.03724,-118.26546,Los Angeles,90015,,CA,,0,0,0,0,0,0,0,,,,,,,,,,,,,,
Cape Regional Medical Center,true,OzQm0gWBZpgH,2 Stone Harbor Blvd,39.08754,-74.81654,Cape May Court House,08210,,NJ,,0,0,0,0,0,0,0,,,,,,,,,,,,,,
Carbon Health - Berkeley,true,PS5R3LMSj57dpNWok6z9,2920 Telegraph Ave,37.85521,-122.25978,Berkeley,94705,,CA,,0,0,0,0,0,0,0,,,,,,,,,,,,,,
Carbon Health - Echo Park,true,bPmPRebZ6bhCYteebnCu,2110 W Sunset Blvd Ste M,34.07749,-118.26176,Los Angeles,90026,,CA,,0,0,0,0,0,0,0,,,,,,,,,,,,,,
Carbon Health - Oakland,true,28qvH8Vp8cqHi9vvAv7a,411 Grand Ave,37.80867,-122.25301,Oakland,94610,,CA,,0,0,0,0,0,0,0,,,,,,,,,,,,,,
Carbon Health - Pasadena,true,SSj7unS2ZGSoDiEJTwGo,600 E Colorado Blvd Ste 120,34.14577,-118.13744,Pasadena,91101,,CA,,0,0,0,0,0,0,0,,,,,,,,,,,,,,
Carbon Health San Francisco - Castro,true,6ioJbtriTefXDaczbBxS,1998 Market St,37.77029,-122.42564,San Francisco,94102,,CA,,0,0,0,0,0,0,0,,,,,,,,,,,,,,
Carbon Health San Francisco - Financial District,true,vpVmovg55S4KG7xZ3XCd,55 Pacific Ave,37.79799,-122.39796,San Francisco,94111,,CA,,0,0,0,0,0,0,0,,,,,,,,,,,,,,
Cardon Children's Medical Center At Banner Desert Medical Center,true,nGA4kINOh524,1400 S Dobson Rd,33.38899,-111.87465,Mesa,85202,,AZ,,0,0,0,0,0,0,0,,,,,,,,,,,,,,
Cb Smith Park,true,qDXNNMqwMMXupZr6XgmB,900 N Flamingo Rd,26.01514,-80.31667,Pembroke Pines,33028,,FL,,0,0,0,0,0,0,0,,,,,,,,,,,,,,
Cedars-Sinai Medical Center,true,4ZsRvgBJWHitCXSXNjuP,8700 Beverly Blvd,34.07654,-118.38,West Hollywood,90048,,CA,,0,0,0,0,0,0,0,,,,,,,,,,,,,,
Centennial Medical Center At  Ashland City,true,k7Alu8dj3rwhb,313 N Main St,36.27738,-87.06618,Ashland City,37015,,TN,,0,0,0,0,0,0,0,,,,,,,,,,,,,,
Centennial Medical Plaza,true,ezmtugQ4MbEikm43zbxd,14200 E Arapahoe Rd,39.59351,-104.82272,Centennial,80112,,CO,,0,0,0,0,0,0,0,,,,,,,,,,,,,,
Centinela Hospital Medical Center,true,Ng5YuVUaLNjtpcJxBYu8,555 E Hardy St,33.95076,-118.34827,Inglewood,90301,,CA,,0,0,0,0,0,0,0,,,,,,,,,,,,,,
"Cgh Hospital, Ltd., D/B/A Coral Gables Hospital",true,RXHyWRaeR3xT4DqQHA72,3100 S Douglas Rd,25.73307,-80.25319,Coral Gables,33134,,FL,,0,0,0,0,0,0,0,,,,,,,,,,,,,,
Chandler Regional Medical Center,true,avLrbV73ZTMTN8MK5h69,1955 W Frye Rd,33.2986,-111.87553,Chandler,85224,,AZ,,0,0,0,0,0,0,0,,,,,,,,,,,,,,
Chester County Hospital,true,B8mkEEyTndYd,701 E Marshall St,39.97299,-75.60181,West Chester,19380,,PA,,0,0,0,0,0,0,0,,,,,,,,,,,,,,
Chi Saint Luke's Health-Baylor Saint Luke's Medical Center,true,KPUVKWwsP5mFJ3qmyyne,6720 Bertner Ave,29.70732,-95.39916,Houston,77030,,TX,,0,0,0,0,0,0,0,,,,,,,,,,,,,,
Chi St. Luke's Sugar Land Hospital,true,A6gyrp7yE7hNsY8PnbSi,1317 Lake Pointe Pkwy,29.60471,-95.62024,Sugar Land,77478,,TX,,0,0,0,0,0,0,0,,,,,,,,,,,,,,
Chippenham Hospital,true,m_x0x0wDUX1J,7101 Jahnke Rd,37.5159,-77.52583,Richmond,23225,,VA,,0,0,0,0,0,0,0,,,,,,,,,,,,,,
Citizens Bank Park,true,A5yJcCDdRYv7jcJCiGGe,1 Citizens Bank Way,39.90373,-75.1728,Philadelphia,19148,,PA,,0,0,0,0,0,0,0,,,,,,,,,,,,,,
Citrus Memorial Hospital,true,og8L67DhoEhhxaMDwYPh,502 W Highland Blvd,28.83224,-82.33526,Inverness,34452,,FL,,0,0,0,0,0,0,0,,,,,,,,,,,,,,
City of Hope National Medical Center,true,vApUnVYLqoq28qkyVdtW,1500 Duarte Rd,34.13198,-117.96778,Duarte,91010,,CA,,0,0,0,0,0,0,0,,,,,,,,,,,,,,
Cleveland Clinic Akron General Bath Health and Wellness Center,true,MfEuN5mmorc_xPkC,4125 Medina Rd,41.13601,-81.64598,Akron,44333,,OH,,0,0,0,0,0,0,0,,,,,,,,,,,,,,
Cleveland Clinic Akron General Green Health and Wellness Center,true,YfhPJ564u_R_CPc7,1940 Town Park Blvd,40.96531,-81.47112,Uniontown,44685,,OH,,0,0,0,0,0,0,0,,,,,,,,,,,,,,
Cleveland Clinic Akron General Stow Health and Wellness Center,true,pabaD5JAutvkYofq5FqV,4300 Allen Rd,41.1867,-81.47378,Stow,44224,,OH,,0,0,0,0,0,0,0,,,,,,,,,,,,,,
Cleveland Clinic and University Hospitals - W. O. Walker Building,true,wQebjjtBqAgNCMrSDVV2,10524 Euclid Ave,41.5032,-81.61497,Cleveland,44106,,OH,,0,0,0,0,0,0,0,,,,,,,,,,,,,,
Cleveland Clinic Bainbridge Urgent Care,true,5EuiTpV4nhf2cGJUrYVA,17747 Chillicothe Rd Ste 100,41.38655,-81.33869,Chagrin Falls,44023,,OH,,0,0,0,0,0,0,0,,,,,,,,,,,,,,
Cleveland Clinic Express and Outpatient Care Clinic Macedonia,true,xBkiABF3xU2oB2gaR4bc,8210 Macedonia Commons Blvd Unit 40,41.31221,-81.51836,Macedonia,44056,,OH,,0,0,0,0,0,0,0,,,,,,,,,,,,,,
Cleveland Clinic Express Care Boettler Road,true,rytYSgWnWfWWVVEVQKWM,1587 Boettler Rd Ste 110,40.96,-81.47084,Uniontown,44685,,OH,,0,0,0,0,0,0,0,,,,,,,,,,,,,,
Cleveland Clinic Express Care Brooklyn,true,mcRuqS7woR9dsf82BiNd,7580 Northcliff Ave Ste 700,41.42505,-81.73532,Brooklyn,44144,,OH,,0,0,0,0,0,0,0,,,,,,,,,,,,,,
Cleveland Clinic Express Care Hudson,true,c2Yx59rwhQPaSnVaf7QD,82 W Streetsboro St,41.23988,-81.44542,Hudson,44236,,OH,,0,0,0,0,0,0,0,,,,,,,,,,,,,,
Cleveland Clinic Express Care Kent,true,TdHy4N2XgvVLEK6osgqA,4494 State Route 43,41.11198,-81.34765,Kent,44240,,OH,,0,0,0,0,0,0,0,,,,,,,,,,,,,,
Cleveland Clinic Express Care Stow-Falls,true,O9HUAB8O1aYfP,857 Graham Rd,41.16331,-81.48221,Cuyahoga Falls,44221,,OH,,1,1,1,1,1,1,1,06:00:00,21:00:00,08:00:00,16:00:00,06:00:00,21:00:00,06:00:00,21:00:00,06:00:00,21:00:00,06:00:00,21:00:00,08:00:00,16:00:00
Cleveland Clinic Express Care Tallmadge,true,anDHxSWcajoXokHZYevQ,33 North Ave,41.10304,-81.44095,Tallmadge,44278,,OH,,0,0,0,0,0,0,0,,,,,,,,,,,,,,
Cleveland Clinic Foundation,true,0FLXgdgsUOABJa,5700 Cooper Foster Park Rd W,41.41256,-82.23569,Lorain,44053,,OH,,0,0,0,0,0,0,0,,,,,,,,,,,,,,
Cleveland Clinic Foundation,true,0FLXgDsYXXH7JU,13944 Euclid Ave,41.52643,-81.586,East Cleveland,44112,,OH,,0,0,0,0,0,0,0,,,,,,,,,,,,,,
Cleveland Clinic Foundation,true,0PGhjDw3Dr6l7Ja,3574 Center Rd,41.23824,-81.81389,Brunswick,44212,,OH,,0,0,0,0,0,0,0,,,,,,,,,,,,,,
Cleveland Clinic Foundation,true,1QeEtDKLgHv_ZGr,2570 Som Center Rd,41.59758,-81.44207,Willoughby Hills,44094,,OH,,0,0,0,0,0,0,0,,,,,,,,,,,,,,
Cleveland Clinic Foundation,true,cM9jJCgqv9tUZw0,18901 Lake Shore Blvd,41.59906,-81.5486,Euclid,44119,,OH,,0,0,0,0,0,0,0,,,,,,,,,,,,,,
Cleveland Clinic Foundation,true,cMa1nR8fk70KTYE,20000 Harvard Ave,41.44977,-81.53859,Warrensville Heights,44122,,OH,,0,0,0,0,0,0,0,,,,,,,,,,,,,,
Cleveland Clinic Foundation,true,cMaBnExSfLpUVw0,33100 Cleveland Clinic Blvd,41.47511,-81.99916,Avon,44011,,OH,,0,0,0,0,0,0,0,,,,,,,,,,,,,,
Cleveland Clinic Foundation,true,DD6AgUcGF0LAi,303 Chestnut Commons Dr,41.34531,-82.066,Elyria,44035,,OH,,0,0,0,0,0,0,0,,,,,,,,,,,,,,
Cleveland Clinic Foundation,true,IQlNgdYPfCAzUU,9500 Euclid Ave,41.5034,-81.62058,Cleveland,44195,,OH,,0,0,0,0,0,0,0,,,,,,,,,,,,,,
Cleveland Clinic Foundation,true,Mf9PZ584egvTC2-C,29800 Bainbridge Rd,41.40343,-81.46695,Solon,44139,,OH,,1,0,1,1,1,1,1,08:00:00,20:00:00,,,08:00:00,17:00:00,08:00:00,20:00:00,08:00:00,20:00:00,08:00:00,20:00:00,08:00:00,12:00:00
Cleveland Clinic Foundation,true,Mfh2z4C7fTvBQbkC,27089 Bagley Rd,41.37047,-81.93582,Olmsted Twp,44138,,OH,,1,1,1,1,1,1,1,06:00:00,21:00:00,08:00:00,16:00:00,06:00:00,21:00:00,06:00:00,21:00:00,06:00:00,21:00:00,06:00:00,21:00:00,08:00:00,16:00:00
Cleveland Clinic Foundation,true,mw9PzAbU4rETCPXx,18101 Lorain Ave,41.4512,-81.82417,Cleveland,44111,,OH,,0,0,0,0,0,0,0,,,,,,,,,,,,,,
Cleveland Clinic Foundation,true,mwEPZ5zDS8laucC,26900 Cedar Rd,41.50052,-81.48916,Beachwood,44122,,OH,,0,0,0,0,0,0,0,,,,,,,,,,,,,,
Cleveland Clinic Foundation,true,mWlhjdgB1vDGS5U,8701 Darrow Rd,41.30353,-81.43981,Twinsburg,44087,,OH,,0,0,0,0,0,0,0,,,,,,,,,,,,,,
Cleveland Clinic Foundation,true,nzCXciFJC5E4m,2001 E Royalton Rd,41.31396,-81.67262,Broadview Heights,44147,,OH,,0,0,0,0,0,0,0,,,,,,,,,,,,,,
Cleveland Clinic Foundation,true,OeEuJAH4LzUDy2kQ,6780 Mayfield Rd,41.51891,-81.43533,Cleveland,44124,,OH,,0,0,0,0,0,0,0,,,,,,,,,,,,,,
Cleveland Clinic Foundation,true,OwE2zqfCbTS_xP-x,5001 Rockside Rd,41.3985,-81.65511,Independence,44131,,OH,,1,0,1,1,1,1,1,08:00:00,20:00:00,,,08:00:00,17:00:00,08:00:00,20:00:00,08:00:00,20:00:00,08:00:00,20:00:00,08:00:00,12:00:00
Cleveland Clinic Foundation,true,RsJ59x0WRi2Nwgi,12300 McCracken Rd,41.42111,-81.59812,Garfield Hts,44125,,OH,,0,0,0,0,0,0,0,,,,,,,,,,,,,,
Cleveland Clinic Foundation,true,sa9oJBq5IfS2A,16761 Southpark Ctr,41.30895,-81.82073,Strongsville,44136,,OH,,0,0,0,0,0,0,0,,,,,,,,,,,,,,
Cleveland Clinic Foundation,true,Syqpr1fKZBU__,14519 Detroit Ave,41.48525,-81.79573,Lakewood,44107,,OH,,0,0,0,0,0,0,0,,,,,,,,,,,,,,
Cleveland Clinic Foundation,true,x-91YpgXwHkfzn0,24700 Lorain Rd,41.42641,-81.89659,North Olmsted,44070,,OH,,0,0,0,0,0,0,0,,,,,,,,,,,,,,
Cleveland Clinic Foundation,true,x-9BnJeypHvVYE,863 W Aurora Rd,41.3157,-81.56883,Northfield,44067,,OH,,0,0,0,0,0,0,0,,,,,,,,,,,,,,
Cleveland Clinic Foundation,true,xQGhqYygHfAS5a,PO Box 931087,41.50288,-81.69542,Cleveland,44193,,OH,,0,0,0,0,0,0,0,,,,,,,,,,,,,,
Cleveland Clinic Foundation,true,ysHV7tOplJStgP,14601 Detroit Ave Ste 270,41.48495,-81.79725,Lakewood,44107,,OH,,0,0,0,0,0,0,0,,,,,,,,,,,,,,
Cleveland Clinic Foundation,true,Yw92NAlOHsw_C2Xx,2999 McMackin Rd,41.79423,-81.09438,Madison,44057,,OH,,1,1,1,1,1,1,1,06:00:00,21:00:00,08:00:00,16:00:00,06:00:00,21:00:00,06:00:00,21:00:00,06:00:00,21:00:00,06:00:00,21:00:00,08:00:00,16:00:00
Cleveland Clinic Foundation,true,zsJk2JxtZuwTi,1730 W 25th St,41.48736,-81.70601,Cleveland,44113,,OH,,0,0,0,0,0,0,0,,,,,,,,,,,,,,
Cleveland Clinic in Florida - Weston,true,ThWyrGaoGJEFi55hrCAE,2950 Cleveland Clinic Blvd,26.08269,-80.36415,Weston,33331,,FL,,0,0,0,0,0,0,0,,,,,,,,,,,,,,
Cleveland Clinic Ortho Express Care Garfield Heights,true,UJntQbVJNNoSnqNa932F,5555 Transportation Blvd,41.41089,-81.61444,Garfield Heights,44125,,OH,,0,0,0,0,0,0,0,,,,,,,,,,,,,,
Cleveland Clinic Urgent Care Rocky River,true,8U5WHgKzHkwrGyxsPDiT,19895 Detroit Rd,41.47941,-81.8413,Rocky River,44116,,OH,,0,0,0,0,0,0,0,,,,,,,,,,,,,,
Cleveland Clinic Urgent Care Rocky River,true,KbsCfirLZG4RTRMZ4yY8,19895 Detroit Rd,41.47941,-81.8413,Rocky River,44116,,OH,,0,0,0,0,0,0,0,,,,,,,,,,,,,,
Cleveland Clinic-Wooster Clinic,true,rizFNsqZvHZu9J,1740 Cleveland Rd,40.8203,-81.93556,Wooster,44691,,OH,,0,0,0,0,0,0,0,,,,,,,,,,,,,,
Cohen Children's Medical Center,true,6SVnXRIJSU2oGw,26901 76th Ave,40.75188,-73.70843,New Hyde Park,11040,,NY,,0,0,0,0,0,0,0,,,,,,,,,,,,,,
College Medical Center,true,7ttui5gSjBiViw5uJ7hY,2776 Pacific Ave,33.80759,-118.19361,Long Beach,90806,,CA,,0,0,0,0,0,0,0,,,,,,,,,,,,,,
Cooper University Hospital,true,G3Qt9Y6R2B3zaQ,1 Cooper Plz,39.94197,-75.11489,Camden,08103,,NJ,,0,0,0,0,0,0,0,,,,,,,,,,,,,,
Dallas Regional Medical Center,true,Yo26JYJnc9YR6tYNtLPZ,1011 N Galloway Ave,32.77752,-96.5998,Mesquite,75149,,TX,,0,0,0,0,0,0,0,,,,,,,,,,,,,,
Dell Children's Medical Center of Central Texas,true,AuQbRzvHKAjZqBSCSHxX,4900 Mueller Blvd,30.30126,-97.70587,Austin,78723,,TX,,0,0,0,0,0,0,0,,,,,,,,,,,,,,
Dell Seton Medical Center At the University of Texas,true,LXyjTNeyp77QUdnkxzPP,1500 Red River St,30.27253,-97.73371,Austin,78701,,TX,,0,0,0,0,0,0,0,,,,,,,,,,,,,,
"Delray Medical Center, Inc., D/B/A Delray Medical Center",true,ykqhiNzrUxZLTgUunReZ,5352 Linton Blvd # 179,26.43921,-80.12776,Delray Beach,33484,,FL,,0,0,0,0,0,0,0,,,,,,,,,,,,,,
Detroit Receiving Hospital and University Health Center,true,b2RjWeC3lNuWtP,4201 Saint Antoine St,42.35272,-83.05302,Detroit,48201,,MI,,0,0,0,0,0,0,0,,,,,,,,,,,,,,
Doctors Hospital,true,xHJtT22Cwa4K29YGT8XE,5000 University Dr,25.72432,-80.27409,Coral Gables,33146,,FL,,0,0,0,0,0,0,0,,,,,,,,,,,,,,
Doctors Hospital of Sarasota,true,Mzwon_g_yhKQTc6T,5731 Bee Ridge Rd,27.29894,-82.45527,Sarasota,34233,,FL,,0,0,0,0,0,0,0,,,,,,,,,,,,,,
East Orange General Hospital,true,_SeyTs3AKsh3aHeR,300 Central Ave,40.75468,-74.21458,East Orange,07018,,NJ,,0,0,0,0,0,0,0,,,,,,,,,,,,,,
Emanate Health Foothill Presbyterian Hospital,true,QMNW8SQ9B4e6In,250 S Grand Ave,34.13326,-117.87244,Glendora,91741,,CA,,0,0,0,0,0,0,0,,,,,,,,,,,,,,
Emanate Health Inter-Community Hospital,true,iIwkJZEoAde6Cn,210 W San Bernardino Rd,34.08802,-117.89341,Covina,91723,,CA,,0,0,0,0,0,0,0,,,,,,,,,,,,,,
Emory Saint Joseph's Hospital,true,we8FzTSPpkqifiipPWhY,5665 Peachtree Dunwoody Rd,33.90857,-84.35183,Atlanta,30342,,GA,,0,0,0,0,0,0,0,,,,,,,,,,,,,,
Emory University Hospital Midtown,true,MUULxXuwGJsfqnxmg8rY,550 Peachtree St NE,33.76954,-84.38525,Atlanta,30308,,GA,,0,0,0,0,0,0,0,,,,,,,,,,,,,,
Englewood Community Hospital,true,_-CL3BakU-P3UT,700 Medical Blvd,26.94906,-82.3279,Englewood,34223,,FL,,0,0,0,0,0,0,0,,,,,,,,,,,,,,
"Fairfield Medical Center (Must Be Screened By a PCP or the DoH, and Obtain an Order for COVID-19 Testing Before a Test Will Be Performed)",true,CW366m3tNn63zHPnDLMb,401 N Ewing St,39.71749,-82.57772,Lancaster,43130,,OH,,0,0,0,0,0,0,0,,,,,,,,,,,,,,
Fawcett Memorial Hospital,true,I6Y696y-quef,21298 Olean Blvd,26.98797,-82.09681,Port Charlotte,33952,,FL,,0,0,0,0,0,0,0,,,,,,,,,,,,,,
Florida Hospital Centra Care,true,fEz2ieUwX1p7sk,3099 Aloma Ave,28.60418,-81.31012,Winter Park,32792,,FL,,0,0,0,0,0,0,0,,,,,,,,,,,,,,
Florida Hospital Centra Care,true,flcSTefWBCpwfn,2609 S Orange Ave,28.51382,-81.37624,Orlando,32806,,FL,,0,0,0,0,0,0,0,,,,,,,,,,,,,,
Florida Hospital Centra Care,true,fWb2Ae-ObRtkX7,1103 N 14th St Ste 101,28.82587,-81.88749,Leesburg,34748,,FL,,0,0,0,0,0,0,0,,,,,,,,,,,,,,
Florida Hospital Centra Care,true,fWz2T8qHUVpwXn,19015 US Highway 441,28.82414,-81.64142,Mount Dora,32757,,FL,,0,0,0,0,0,0,0,,,,,,,,,,,,,,
Florida Hospital Centra Care,true,fxz2iYS2khtnsn,3005 Daniels Rd,28.5367,-81.59713,Winter Garden,34787,,FL,,0,0,0,0,0,0,0,,,,,,,,,,,,,,
Florida Hospital Centra Care,true,mEb2TewkiN6kXn,8010 Red Bug Lake Rd,28.65618,-81.23952,Oviedo,32765,,FL,,0,0,0,0,0,0,0,,,,,,,,,,,,,,
Florida Hospital Centra Care,true,mEcVTrNdRz16km7,4320 W Vine St,28.30363,-81.457,Kissimmee,34746,,FL,,0,0,0,0,0,0,0,,,,,,,,,,,,,,
Florida Hospital Centra Care,true,mEKS0Yh6KRRkfn,8201 W Irlo Bronson Memorial Hwy,28.34711,-81.62029,Kissimmee,34747,,FL,,0,0,0,0,0,0,0,,,,,,,,,,,,,,
Florida Hospital Centra Care,true,mlzVA8kKgjonsw,4451 W State Road 46,28.81123,-81.3341,Sanford,32771,,FL,,0,0,0,0,0,0,0,,,,,,,,,,,,,,
Florida Hospital Centra Care,true,mWb2Ar29pxHwXw,440 W State Road 436,28.66185,-81.39769,Altamonte Springs,32714,,FL,,0,0,0,0,0,0,0,,,,,,,,,,,,,,
Florida Hospital Centra Care,true,mWzV0egSvH67Xk,8014 Conroy Windermere Rd Ste 104,28.49318,-81.49211,Orlando,32835,,FL,,0,0,0,0,0,0,0,,,,,,,,,,,,,,
Florida Hospital Centra Care,true,mxb20rU_5oRkXw,105 S Country Club Rd,28.75326,-81.32124,Lake Mary,32746,,FL,,0,0,0,0,0,0,0,,,,,,,,,,,,,,
Florida Hospital Centra Care,true,mxK20eanvqp6wsw,2540 Lee Rd,28.60571,-81.38387,Winter Park,32789,,FL,,0,0,0,0,0,0,0,,,,,,,,,,,,,,
Florida Hospital Centra Care,true,slKVArhkzZo7fw,509 S Semoran Blvd,28.53662,-81.31006,Orlando,32807,,FL,,0,0,0,0,0,0,0,,,,,,,,,,,,,,
Florida Hospital Centra Care,true,slz20rityCpnfw,630 N Bumby Ave,28.55153,-81.35297,Orlando,32803,,FL,,0,0,0,0,0,0,0,,,,,,,,,,,,,,
Florida Hospital Centra Care,true,sWc2irs3vp6kmk,12500 State Road 535,28.38278,-81.50564,Orlando,32836,,FL,,0,0,0,0,0,0,0,,,,,,,,,,,,,,
Florida Hospital Centra Care,true,sWcVArbkAW9kmk,250 N Alafaya Trl Ste 135,28.54824,-81.20458,Orlando,32828,,FL,,0,0,0,0,0,0,0,,,,,,,,,,,,,,
Florida Hospital Centra Care,true,sWKNAeSEKZpnmn,2301 Sand Lake Rd,28.45107,-81.41273,Orlando,32809,,FL,,0,0,0,0,0,0,0,,,,,,,,,,,,,,
Florida Hospital Centra Care,true,sWKNT8cVz667Xn,3293 Greenwald Way N,28.33846,-81.41268,Kissimmee,34741,,FL,,0,0,0,0,0,0,0,,,,,,,,,,,,,,
Florida Hospital Centra Care,true,sxbNTY-PsRHnXk,5810 S Semoran Blvd,28.48002,-81.31017,Orlando,32822,,FL,,0,0,0,0,0,0,0,,,,,,,,,,,,,,
Florida Hospital Centra Care,true,sxbS0rFi839kXw,11550 University Blvd,28.59704,-81.21947,Orlando,32817,,FL,,0,0,0,0,0,0,0,,,,,,,,,,,,,,
Florida Hospital Centra Care,true,sxcVTY7qv91wfw,2325 W Fairbanks Ave,28.59342,-81.38094,Winter Park,32789,,FL,,0,0,0,0,0,0,0,,,,,,,,,,,,,,
Florida Hospital Centra Care,true,XEcVirGZxoRwfk,4660 13th St,28.2573,-81.32231,Saint Cloud,34769,,FL,,0,0,0,0,0,0,0,,,,,,,,,,,,,,
Florida Hospital Centra Care,true,XlbVieNROVpwX7,855 S US Highway 17 92,28.69414,-81.33173,Longwood,32750,,FL,,0,0,0,0,0,0,0,,,,,,,,,,,,,,
Florida Hospital Centra Care,true,Xxb2Aej6oE9nsk,15701 State Road 50 Ste 101,28.56528,-81.69844,Clermont,34711,,FL,,0,0,0,0,0,0,0,,,,,,,,,,,,,,
Garden City Hospital,true,QA4c4di5WtCEGy3khmu9,6245 Inkster Rd,42.33241,-83.31187,Garden City,48135,,MI,,0,0,0,0,0,0,0,,,,,,,,,,,,,,
Garden Grove Hospital and Medical Center,true,93FzJSswQAQHGkGrctNX,12601 Garden Grove Blvd,33.7745,-117.9111,Garden Grove,92843,,CA,,0,0,0,0,0,0,0,,,,,,,,,,,,,,
Garfield Medical Center,true,r5cUBwTCE7fZY4jgJWD5,525 N Garfield Ave,34.06811,-118.12298,Monterey Park,91754,,CA,,0,0,0,0,0,0,0,,,,,,,,,,,,,,
Glen Cove Hospital,true,dJrBC50FS0V4,101 Saint Andrews Ln,40.87106,-73.62408,Glen Cove,11542,,NY,,0,0,0,0,0,0,0,,,,,,,,,,,,,,
Glen Cove Hospital,true,RCHrkTXWxJbU8JYn5L6T,101 Saint Andrews Ln,40.87106,-73.62408,Glen Cove,11542,,NY,,0,0,0,0,0,0,0,,,,,,,,,,,,,,
GoHealth Urgent Care Center - Amityville,true,O_QCD_TAS9lVs,801 Broadway,40.70201,-73.42688,Amityville,11701,,NY,,0,0,0,0,0,0,0,,,,,,,,,,,,,,
GoHealth Urgent Care Center - Astoria,true,hb61cidXW7OKLu,3701 Broadway,40.7617,-73.91848,Astoria,11103,,NY,,0,0,0,0,0,0,0,,,,,,,,,,,,,,
GoHealth Urgent Care Center - Bay Shore,true,v5QIhNK00MZl4f,603B E Main St,40.7271,-73.23274,Bay Shore,11706,,NY,,0,0,0,0,0,0,0,,,,,,,,,,,,,,
GoHealth Urgent Care Center - Bayside,true,p5Q3hdxSDwzVs,4119 Bell Blvd,40.76317,-73.77038,Bayside,11361,,NY,,0,0,0,0,0,0,0,,,,,,,,,,,,,,
GoHealth Urgent Care Center - Bellmore,true,M5ZGXWsksU-7,2640 Merrick Rd,40.66295,-73.52828,N Bellmore,11710,,NY,,0,0,0,0,0,0,0,,,,,,,,,,,,,,
GoHealth Urgent Care Center - Bulls Head,true,vaPIDVObw9i4t,1445 Richmond Ave,40.61194,-74.15738,Staten Island,10314,,NY,,0,0,0,0,0,0,0,,,,,,,,,,,,,,
GoHealth Urgent Care Center - Chelsea,true,-yn1wHJ4ZGcL-,225 W 23rd St,40.74474,-73.99644,New York,10011,,NY,,0,0,0,0,0,0,0,,,,,,,,,,,,,,
GoHealth Urgent Care Center - Commack,true,k_Qjhi-VMgdJf,98 Jericho Tpke,40.84681,-73.25851,Commack,11725,,NY,,0,0,0,0,0,0,0,,,,,,,,,,,,,,
GoHealth Urgent Care Center - Dobbs Ferry,true,p_PjxR4USgicf,30 Hamilton St,41.00853,-73.87894,Dobbs Ferry,10522,,NY,,0,0,0,0,0,0,0,,,,,,,,,,,,,,
GoHealth Urgent Care Center - Dongan Hills,true,ZzKQSikv5K0D,1700 Hylan Blvd,40.58758,-74.09104,Staten Island,10305,,NY,,0,0,0,0,0,0,0,,,,,,,,,,,,,,
GoHealth Urgent Care Center - East 81st,true,v_uIh-5SFgi4b,1555 1st Ave,40.7735,-73.95194,New York,10028,,NY,,0,0,0,0,0,0,0,,,,,,,,,,,,,,
GoHealth Urgent Care Center - East Northport (Pediatrics),true,_DykgTlxU8zS,4199 Jericho Tpke,40.84059,-73.31349,East Northport,11731,,NY,,0,0,0,0,0,0,0,,,,,,,,,,,,,,
GoHealth Urgent Care Center - Eltingville,true,kEWjhGX-g9dVb,4316 Amboy Rd,40.54544,-74.16015,Staten Island,10312,,NY,,0,0,0,0,0,0,0,,,,,,,,,,,,,,
GoHealth Urgent Care Center - Elwood,true,3JP-Gn8YGnlE,1912 Jericho Tpke,40.83817,-73.33077,East Northport,11731,,NY,,0,0,0,0,0,0,0,,,,,,,,,,,,,,
GoHealth Urgent Care Center - Forest Hills,true,onXABvyrr07l,10229 Queens Blvd,40.72532,-73.85072,Forest Hills,11375,,NY,,0,0,0,0,0,0,0,,,,,,,,,,,,,,
GoHealth Urgent Care Center - Great Kills,true,k5uChqSGEgdcf,125 Greaves Ln,40.55392,-74.14565,Staten Island,10308,,NY,,0,0,0,0,0,0,0,,,,,,,,,,,,,,
GoHealth Urgent Care Center - Great Neck,true,kEWCha1fDgzVb,46 Great Neck Rd,40.78622,-73.72735,Great Neck,11021,,NY,,0,0,0,0,0,0,0,,,,,,,,,,,,,,
GoHealth Urgent Care Center - Greenvale,true,vauIxjz3akzJb,30 Glen Cove Rd,40.81018,-73.6284,Greenvale,11548,,NY,,0,0,0,0,0,0,0,,,,,,,,,,,,,,
GoHealth Urgent Care Center - Greenwich Village,true,b8_FX1plwczNT,41 E 8th St,40.73156,-73.99449,New York,10003,,NY,,0,0,0,0,0,0,0,,,,,,,,,,,,,,
GoHealth Urgent Care Center - Hampton Bays,true,k5WIxhMMyBz4t,80 E Montauk Hwy,40.87678,-72.51633,Hampton Bays,11946,,NY,,0,0,0,0,0,0,0,,,,,,,,,,,,,,
GoHealth Urgent Care Center - Hewlett (Pediatrics),true,k5u3D_EuRgict,1332 Peninsula Blvd,40.64489,-73.70168,Hewlett,11557,,NY,,0,0,0,0,0,0,0,,,,,,,,,,,,,,
GoHealth Urgent Care Center - Huntington Station,true,p_QjhNCW0wiVb,19 W Jericho Tpke,40.82848,-73.41024,Huntington Station,11746,,NY,,0,0,0,0,0,0,0,,,,,,,,,,,,,,
GoHealth Urgent Care Center - Lake Grove,true,v5Pj1uHdWvl4t,2079 Smith Haven Plz,40.86918,-73.11607,Lake Grove,11755,,NY,,0,0,0,0,0,0,0,,,,,,,,,,,,,,
GoHealth Urgent Care Center - Lefrak City,true,I8qc2KeSq-Bk,5828 99th St,40.73737,-73.85956,Corona,11368,,NY,,0,0,0,0,0,0,0,,,,,,,,,,,,,,
GoHealth Urgent Care Center - Levittown,true,Z1nYl-Uq0K-f,3631 Hempstead Tpke,40.72564,-73.50375,Levittown,11756,,NY,,0,0,0,0,0,0,0,,,,,,,,,,,,,,
GoHealth Urgent Care Center - Lynbrook,true,1bWuwhx56Juc_u,683 Sunrise Hwy,40.6557,-73.67694,Lynbrook,11563,,NY,,0,0,0,0,0,0,0,,,,,,,,,,,,,,
GoHealth Urgent Care Center - Massapequa,true,kEWjxuPcAglVb,5165 Merrick Rd,40.6664,-73.44567,Massapequa Pk,11762,,NY,,0,0,0,0,0,0,0,,,,,,,,,,,,,,
GoHealth Urgent Care Center - New Dorp,true,v_PC1sXTXvlVb,2590 Hylan Blvd,40.56785,-74.11079,Staten Island,10306,,NY,,0,0,0,0,0,0,0,,,,,,,,,,,,,,
GoHealth Urgent Care Center - New Rochelle,true,vaWCDR9Etedcs,77 Quaker Ridge Rd Ste 4,40.94824,-73.79402,New Rochelle,10804,,NY,,0,0,0,0,0,0,0,,,,,,,,,,,,,,
GoHealth Urgent Care Center - Oceanside,true,p5QCxRPT09lVs,3571 Long Beach Rd,40.62461,-73.63957,Oceanside,11572,,NY,,0,0,0,0,0,0,0,,,,,,,,,,,,,,
GoHealth Urgent Care Center - Park Slope,true,v5Q31STvL8iJt,365 Flatbush Ave,40.6771,-73.97206,Brooklyn,11238,,NY,,0,0,0,0,0,0,0,,,,,,,,,,,,,,
GoHealth Urgent Care Center - Plainview,true,kaW3hW6vE9ict,377 S Oyster Bay Rd,40.78404,-73.50308,Plainview,11803,,NY,,0,0,0,0,0,0,0,,,,,,,,,,,,,,
GoHealth Urgent Care Center - Port Washington,true,vaQChTPJyglJf,67 Shore Rd,40.83733,-73.70269,Port Washington,11050,,NY,,0,0,0,0,0,0,0,,,,,,,,,,,,,,
GoHealth Urgent Care Center - Ridgewood,true,hopb9bkAApIR,5505 Myrtle Ave,40.7002,-73.90763,Ridgewood,11385,,NY,,0,0,0,0,0,0,0,,,,,,,,,,,,,,
GoHealth Urgent Care Center - Riverhead,true,k5QIDVgtb8i4b,1842 Old Country Rd,40.92436,-72.70239,Riverhead,11901,,NY,,0,0,0,0,0,0,0,,,,,,,,,,,,,,
GoHealth Urgent Care Center - Rockville Centre,true,-F71fDVnYv6s,243 Merrick Rd,40.65633,-73.64647,Rockville Centre,11570,,NY,,0,0,0,0,0,0,0,,,,,,,,,,,,,,
GoHealth Urgent Care Center - Roslyn,true,pEWIhgEA0wlVs,1033 Northern Blvd,40.80053,-73.65768,Roslyn,11576,,NY,,0,0,0,0,0,0,0,,,,,,,,,,,,,,
GoHealth Urgent Care Center - Smithtown,true,kEPj1opeawl4t,1 Miller Pl Ste C,40.85578,-73.19148,Smithtown,11787,,NY,,0,0,0,0,0,0,0,,,,,,,,,,,,,,
GoHealth Urgent Care Center - Syosset,true,kDJgeSpwdH4T,103 Jackson Ave,40.82313,-73.49645,Syosset,11791,,NY,,0,0,0,0,0,0,0,,,,,,,,,,,,,,
GoHealth Urgent Care Center - W 100th,true,Tc_P5i_bwpQa2,2628 Broadway,40.79679,-73.9697,New York,10025,,NY,,0,0,0,0,0,0,0,,,,,,,,,,,,,,
GoHealth Urgent Care Center - W 69th,true,I1bdR8WWyXk6,199 Amsterdam Ave,40.77637,-73.98315,New York,10023,,NY,,0,0,0,0,0,0,0,,,,,,,,,,,,,,
GoHealth Urgent Care Center - West Hempstead,true,pEPjhFHuR9zVs,595 Hempstead Tpke,40.70652,-73.66258,West Hempstead,11552,,NY,,0,0,0,0,0,0,0,,,,,,,,,,,,,,
GoHealth Urgent Care Center - West Islip,true,O5PIhP04LwzVt,434 Union Blvd,40.70793,-73.30051,West Islip,11795,,NY,,0,0,0,0,0,0,0,,,,,,,,,,,,,,
GoHealth Urgent Care Center - Williamsburg,true,OEQj1aD4K9dJt,145 Kent Ave,40.71932,-73.96266,Brooklyn,11249,,NY,,0,0,0,0,0,0,0,,,,,,,,,,,,,,
GoHealth Urgent Care Center - Yorktown Heights,true,p5Q3hVOLt9lcb,28 Triangle Ctr,41.27668,-73.78303,Yorktown Heights,10598,,NY,,0,0,0,0,0,0,0,,,,,,,,,,,,,,
Good Samaritan Hospital,true,xQLhqTBh293B5a,255 Lafayette Ave,41.11232,-74.13671,Suffern,10901,,NY,,0,0,0,0,0,0,0,,,,,,,,,,,,,,
Good Samaritan Hospital Medical Center,true,0PrNRNBDx5Uc2wb,1000 Montauk Hwy,40.69588,-73.29386,West Islip,11795,,NY,,0,0,0,0,0,0,0,,,,,,,,,,,,,,
Good Samaritan Medical Center,true,ikJDnnXnFMsUjuhS5pLD,1309 N Flagler Dr,26.7244,-80.04987,West Palm Beach,33401,,FL,,0,0,0,0,0,0,0,,,,,,,,,,,,,,
Greater el Monte Community Hospital,true,PT3q4PkjJSrwJYRVMBZ5,1701 Santa Anita Ave,34.04816,-118.04252,South El Monte,91733,,CA,,0,0,0,0,0,0,0,,,,,,,,,,,,,,
Greenwich Hospital,true,cVF4SJruQQwdubXdjMSN,5 Perryridge Rd,41.03481,-73.62938,Greenwich,06830,,CT,,0,0,0,0,0,0,0,,,,,,,,,,,,,,
"Hackensack Meridian Urgent Care, PC",true,kkAbbjpnvpMPkfXRCasy,1080 Stelton Rd,40.54697,-74.42834,Piscataway,08854,,NJ,,0,0,0,0,0,0,0,,,,,,,,,,,,,,
Hackensack University Medical Center,true,G5eYUUS7McoR,30 Prospect Ave,40.88418,-74.05775,Hackensack,07601,,NJ,,0,0,0,0,0,0,0,,,,,,,,,,,,,,
Halifax Health Medical Center of Daytona Beach,true,xTjnjNAgHS5NadmfjhZD,303 N Clyde Morris Blvd,29.20124,-81.05816,Daytona Beach,32114,,FL,,0,0,0,0,0,0,0,,,,,,,,,,,,,,
Harbor-UCLA Medical Center,true,emRdsiNJHeGEvhucvp5E,1000 W Carson St,33.82979,-118.29472,Torrance,90502,,CA,,0,0,0,0,0,0,0,,,,,,,,,,,,,,
Harper University Hospital,true,k5WCxlwPrpzVb,3990 John R St,42.35092,-83.05754,Detroit,48201,,MI,,0,0,0,0,0,0,0,,,,,,,,,,,,,,
Hartford Hospital,true,donMrEx2z8kfGHPGszvj,80 Seymour St,41.7543,-72.68063,Hartford,06102,,CT,,0,0,0,0,0,0,0,,,,,,,,,,,,,,
Hca Houston Healthcare Clear Lake,true,Fu9h0VqoTsuA,400 W Medical Center Blvd Ste 100,29.54231,-95.12572,Webster,77598,,TX,,0,0,0,0,0,0,0,,,,,,,,,,,,,,
Hca Houston Healthcare Clear Lake,true,uZBiWHtsKz5TPqBVmDT6,500 W Medical Center Blvd,29.5405,-95.12699,Webster,77598,,TX,,0,0,0,0,0,0,0,,,,,,,,,,,,,,
Hca Houston Healthcare Clear Lake,true,vakDWS73VX7GVZ5aR8dN,500 W Medical Center Blvd,29.5405,-95.12699,Webster,77598,,TX,,0,0,0,0,0,0,0,,,,,,,,,,,,,,
Hca Houston Healthcare Conroe,true,pzWDv2DLR3e9FHLUKmeL,504 Medical Center Blvd,30.28394,-95.46767,Conroe,77304,,TX,,0,0,0,0,0,0,0,,,,,,,,,,,,,,
Hca Houston Healthcare Conroe,true,uyBtzW2tMFxh6cmpjapr,500 Medical Center Blvd Ste 175,30.28468,-95.46601,Conroe,77304,,TX,,0,0,0,0,0,0,0,,,,,,,,,,,,,,
Hca Houston Healthcare Mainland,true,bEzdHYnusc7Y9xPNwCEM,6807 Emmett F Lowry Expy Ste 308,29.39442,-94.98717,Texas City,77591,,TX,,0,0,0,0,0,0,0,,,,,,,,,,,,,,
HCA Houston Healthcare Medical Center,true,g5wOFoDsnKMZZ,1313 Hermann Dr,29.72255,-95.38816,Houston,77004,,TX,,0,0,0,0,0,0,0,,,,,,,,,,,,,,
Hca Houston Healthcare North Cypress,true,aTzEQRATLj2HKYhZUcq9,21216 Northwest Fwy Ste 220,29.92768,-95.63217,Cypress,77429,,TX,,0,0,0,0,0,0,0,,,,,,,,,,,,,,
Hca Houston Healthcare Northwest,true,LV2Jstk6zv3HQ4uDzvUD,800 Peakwood Dr Ste 1F,30.02045,-95.44606,Houston,77090,,TX,,0,0,0,0,0,0,0,,,,,,,,,,,,,,
Hca Houston Healthcare Pearland,true,fIZTEVmV66rxXDy,10970 Shadow Creek Pkwy Ste 190,29.57714,-95.38855,Pearland,77584,,TX,,0,0,0,0,0,0,0,,,,,,,,,,,,,,
Hca Houston Healthcare Southeast,true,_Cey3sAEi05-CHMO,3801 Vista Rd Ste 200,29.65911,-95.18478,Pasadena,77504,,TX,,0,0,0,0,0,0,0,,,,,,,,,,,,,,
Hca Houston Healthcare Tomball,true,p7SeKG9iL8dm329qGKQ8,13426 Medical Complex Dr Ste 100,30.08454,-95.62456,Tomball,77375,,TX,,0,0,0,0,0,0,0,,,,,,,,,,,,,,
Hca Houston Healthcare Tomball,true,SG2H9q5sTA3CazoH3gfe,605 Holderrieth Blvd,30.08717,-95.62098,Tomball,77375,,TX,,0,0,0,0,0,0,0,,,,,,,,,,,,,,
HCA Houston Healthcare West,true,gtuoHQfXZf5C88UaV7QU,12141 Richmond Ave,29.73024,-95.59493,Houston,77082,,TX,,0,0,0,0,0,0,0,,,,,,,,,,,,,,
HCA Houston Healthcare West,true,sds4yszCSADZ7eHAB3xm,12606 West Houston Center Blvd Ste 330,29.72919,-95.58258,Houston,77082,,TX,,0,0,0,0,0,0,0,,,,,,,,,,,,,,
HCA Houston Healthcare West,true,y4GBHmFJmLg3tXcqGK7s,12141 Richmond Ave,29.73024,-95.59493,Houston,77082,,TX,,0,0,0,0,0,0,0,,,,,,,,,,,,,,
Hendersonville Medical Center,true,u1sDizjCD8fA2,355 New Shackle Island Rd,36.32419,-86.62027,Hendersonville,37075,,TN,,0,0,0,0,0,0,0,,,,,,,,,,,,,,
Henrico Doctors Hospital Retreat,true,CAf647oGjrarZS2gDTEg,2621 Grove Ave,37.55425,-77.47272,Richmond,23220,,VA,,0,0,0,0,0,0,0,,,,,,,,,,,,,,
Henrico Doctors' Hospital- Forest,true,zAReoMgLMohaZmr3BX5a,1602 Skipwith Rd,37.60198,-77.5378,Richmond,23229,,VA,,0,0,0,0,0,0,0,,,,,,,,,,,,,,
Henry Ford West Bloomfield Hospital,true,uSyMdBTNNzUv7UdYrWjY,6777 W Maple Rd,42.53786,-83.40718,West Bloomfield,48322,,MI,,0,0,0,0,0,0,0,,,,,,,,,,,,,,
Henry Ford Wyandotte Hospital,true,jZs9Pd58tqCe9FejVnMa,2333 Biddle Ave,42.21182,-83.14925,Wyandotte,48192,,MI,,0,0,0,0,0,0,0,,,,,,,,,,,,,,
Henry Mayo Newhall Hospital,true,88jDKIxB9XtgeTQ,23845 McBean Pkwy,34.39534,-118.55483,Valencia,91355,,CA,,0,0,0,0,0,0,0,,,,,,,,,,,,,,
"Hialeah Hospital, Inc., D/B/A Hialeah Hospital",true,Z5Wf4mUoynUArAmJcp3R,651 E 25th St,25.84563,-80.26855,Hialeah,33013,,FL,,0,0,0,0,0,0,0,,,,,,,,,,,,,,
Holy Name Medical Center,true,2El-vmsTHvDSHSGv,718 Teaneck Rd,40.88299,-74.01006,Teaneck,07666,,NJ,,0,0,0,0,0,0,0,,,,,,,,,,,,,,
Holy Name Medical Center,true,9bzQDuAUUx5pQkmnG7Ub,718 Teaneck Rd,40.88299,-74.01006,Teaneck,07666,,NJ,,0,0,0,0,0,0,0,,,,,,,,,,,,,,
Hospital of the University of Pennsylvania,true,q73C8dagCiAI,3400 Spruce St,39.95042,-75.19696,Philadelphia,19104,,PA,,0,0,0,0,0,0,0,,,,,,,,,,,,,,
Hospitals of Providence Memorial Campus,true,Hk7IsYhcrfNSX,2001 N Oregon St,31.77153,-106.4998,El Paso,79902,,TX,,0,0,0,0,0,0,0,,,,,,,,,,,,,,
Houston Methodist Baytown Hospital,true,pQScKfpssGXuyY3SxXqD,4401 Garth Rd,29.76843,-94.98014,Baytown,77521,,TX,,0,0,0,0,0,0,0,,,,,,,,,,,,,,
Houston Methodist Clear Lake Hospital,true,nMpt94fqWyQHdkpKkwyP,18300 Houston Methodist Dr,29.54945,-95.0866,Houston,77058,,TX,,0,0,0,0,0,0,0,,,,,,,,,,,,,,
Houston Methodist the Woodlands Hospital,true,XZTFHxqoTtHsZxHARyZC,17201 Interstate 45 S,30.21147,-95.44427,Shenandoah,77385,,TX,,0,0,0,0,0,0,0,,,,,,,,,,,,,,
Houston Methodist West Hospital,true,EGEVGQQegGKdUk7No3yq,18500 Katy Fwy,29.78721,-95.69749,Houston,77094,,TX,,0,0,0,0,0,0,0,,,,,,,,,,,,,,
Houston Methodist Willowbrook Hospital,true,6SgWjXdDxNPQUipddgGy,18220 State Highway 249,29.96679,-95.5509,Houston,77070,,TX,,0,0,0,0,0,0,0,,,,,,,,,,,,,,
Hudson Region Hospital,true,H4eATL3pxn3d2QSCYGJy,55 Meadowlands Pkwy,40.79228,-74.07297,Secaucus,07094,,NJ,,0,0,0,0,0,0,0,,,,,,,,,,,,,,
Hunterdon Medical Center,true,s9epsLgGUuGtWCVVZmd4,2100 Wescott Dr,40.5312,-74.85855,Flemington,08822,,NJ,,0,0,0,0,0,0,0,,,,,,,,,,,,,,
Huntington Beach Hospital,true,ToAzn3dUyZZBA5fnSWnE,17772 Beach Blvd,33.70435,-117.98898,Huntington Beach,92647,,CA,,0,0,0,0,0,0,0,,,,,,,,,,,,,,
Huntington Hospital,true,4YqHnWPrmB9Vav4Xtm89,270 Park Ave,40.87994,-73.41744,Huntington,11743,,NY,,0,0,0,0,0,0,0,,,,,,,,,,,,,,
Huntington Hospital,true,ZoyfRhjTkgxv,270 Park Ave,40.87994,-73.41744,Huntington,11743,,NY,,0,0,0,0,0,0,0,,,,,,,,,,,,,,
Huron Valley Hospital,true,d5eHgrv4IK4ZZ,1 William Carls Dr,42.59744,-83.50101,Commerce Township,48382,,MI,,0,0,0,0,0,0,0,,,,,,,,,,,,,,
Hutzel Hospital,true,kaPjxykzZu7vl4t,4707 Saint Antoine St,42.35791,-83.05613,Detroit,48201,,MI,,0,0,0,0,0,0,0,,,,,,,,,,,,,,
Interfaith Medical Center,true,nrMVQnWyjLtbuwURpK96,1545 Atlantic Ave,40.67771,-73.93612,Brooklyn,11213,,NY,,0,0,0,0,0,0,0,,,,,,,,,,,,,,
Intermodal Center At Dutchess Stadium,true,cyuMVjxSMBE9vvoipeSy,1500 Route 9D,41.52602,-73.96433,Wappingers Falls,12590,,NY,,0,0,0,0,0,0,0,,,,,,,,,,,,,,
Jefferson Health CoLab Airstream Trailer,true,AHwueHJxLouJDs4NsYCH,904 Chestnut St,39.94944381713867,-75.15597534179688,Philadelphia,19107,,PA,,0,0,0,0,0,0,0,,,,,,,,,,,,,,
Jfk Medical Center,true,mfsYlWq_9rWk,5301 S Congress Ave,26.59737,-80.09104,Atlantis,33462,,FL,,0,0,0,0,0,0,0,,,,,,,,,,,,,,
Jfk Medical Center North Campus,true,v7Mv23rCnbHAbf4DJ66V,2201 45th St,26.75903,-80.08873,West Palm Beach,33407,,FL,,0,0,0,0,0,0,0,,,,,,,,,,,,,,
John Peter Smith Hospital,true,JYimLBbkjMeNtr7Q8Yh5,1500 S Main St,32.72818,-97.32649,Fort Worth,76104,,TX,,0,0,0,0,0,0,0,,,,,,,,,,,,,,
John Randolph Medical Center,true,bsI4VuoB_ti94m,411 W Randolph Rd,37.30759,-77.29221,Hopewell,23860,,VA,,0,0,0,0,0,0,0,,,,,,,,,,,,,,
John T Mather Memorial Hospital,true,saAoJDA8RqJfL,75 N Country Rd,40.93792,-73.05459,Port Jefferson,11777,,NY,,0,0,0,0,0,0,0,,,,,,,,,,,,,,
John T. Mather Memorial Hospital,true,ErNaKTRbhdPPjMBdGdWX,75 N Country Rd,40.93792,-73.05459,Port Jefferson,11777,,NY,,0,0,0,0,0,0,0,,,,,,,,,,,,,,
Johnston-Willis Hospital,true,b4GNcZ3xApNyR4DjDU54,1401 Johnston Willis Dr,37.51217,-77.59771,North Chesterfield,23235,,VA,,0,0,0,0,0,0,0,,,,,,,,,,,,,,
Jones Beach State Park Parking Lot - Drive-Thru,true,rQgjb4XJWQ39tLuNahLa,1 Ocean Pkwy,40.59577178955078,-73.50800323486328,Wantagh,11793,,NY,,0,0,0,0,0,0,0,,,,,,,,,,,,,,
"Kaiser Permanente San Francisco Medical Center and Medical Offices (Must Be a Kaiser Permanente Member, Must Call the Hotline to Be Screened)",true,nomg6u9fpsbWo2487Xjq,2425 Geary Blvd,37.78267,-122.44316,San Francisco,94115,,CA,,0,0,0,0,0,0,0,,,,,,,,,,,,,,
Keck Hospital of Usc,true,V6Y6CuHKcX_f,1500 San Pablo St,34.06264,-118.20292,Los Angeles,90033,,CA,,0,0,0,0,0,0,0,,,,,,,,,,,,,,
Kendall Regional Medical Center,true,WycWw54LhTBK,11750 SW 40th St,25.73088,-80.38535,Miami,33175,,FL,,0,0,0,0,0,0,0,,,,,,,,,,,,,,
L.A. Downtown Medical Center,true,jaoYZmADQiDY6xUanpfM,1711 W Temple St,34.06895,-118.26375,Los Angeles,90026,,CA,,0,0,0,0,0,0,0,,,,,,,,,,,,,,
Lake Elsinore Diamond Stadium Drive-Thru Testing,true,aChZgUvtk7Fjib6M6X9b,500 Diamond Dr,33.65545,-117.30056,Lake Elsinore,92530,,CA,,0,0,0,0,0,0,0,,,,,,,,,,,,,,
Lakewood Hospital,true,XkzbySBdhPXzjd2ESeWG,7900 Lees Summit Rd,38.97456,-94.39042,Kansas City,64139,,MO,,0,0,0,0,0,0,0,,,,,,,,,,,,,,
Largo Medical Center,true,9vxN5_ypjccr,201 14th St SW,27.91487,-82.80273,Largo,33770,,FL,,0,0,0,0,0,0,0,,,,,,,,,,,,,,
Largo Medical Center - Indian Rocks,true,Ban6SFrVWnRjdBwPFPa4,2025 Indian Rocks Rd S,27.89839,-82.82614,Largo,33774,,FL,,0,0,0,0,0,0,0,,,,,,,,,,,,,,
Lawrence & Memorial Hospital,true,MPMDtWawsFfVQtuGyoae,365 Montauk Ave,41.33703,-72.10371,New London,06320,,CT,,0,0,0,0,0,0,0,,,,,,,,,,,,,,
Leesburg Regional Medical Center,true,xKJEeMPNSfk3ShvwLMBF,600 E Dixie Ave,28.80809,-81.86831,Leesburg,34748,,FL,,0,0,0,0,0,0,0,,,,,,,,,,,,,,
Lehigh Valley Health Network,true,LXTxHcLvTNAjxs8g3uwf,320 W Pumping Station Rd,40.45796,-75.36991,Quakertown,18951,,PA,,0,0,0,0,0,0,0,,,,,,,,,,,,,,
Lenox Hill Hospital,true,rkBQRripob7v,100 E 77th St,40.77423,-73.96149,New York,10075,,NY,,0,0,0,0,0,0,0,,,,,,,,,,,,,,
Lenox Hill Hospital,true,ScjJ8c4F3sLajYZE3anT,100 E 77th St,40.77423,-73.96149,New York,10075,,NY,,0,0,0,0,0,0,0,,,,,,,,,,,,,,
"Licking Memorial Hospital (Dedicated Testing Facility Opening Monday March 15 from 12pm - 5pm, Must Have PCP Referral to Be Tested)",true,ndEhcGz4rEMocoJwUuiE,131 McMillen Dr,40.04835,-82.45394,Newark,43055,,OH,,0,0,0,0,0,0,0,,,,,,,,,,,,,,
"Lifemark Hospitals of Florida, Inc., D/B/A Palmetto General Hospital",true,_aMy4XJ01eW2aHe9,2001 W 68th St,25.88594,-80.32648,Hialeah,33016,,FL,,0,0,0,0,0,0,0,,,,,,,,,,,,,,
Long Beach Medical Center,true,FVfCNJN7ajrJVYz4RsJz,2801 Atlantic Ave,33.808,-118.1851,Long Beach,90806,,CA,,0,0,0,0,0,0,0,,,,,,,,,,,,,,
Long Island Jewish Forest Hills,true,BYcwJHgy7yirfx,10201 66th Rd,40.72904,-73.85154,Forest Hills,11375,,NY,,0,0,0,0,0,0,0,,,,,,,,,,,,,,
Long Island Jewish Forest Hills Hospital,true,NEa7AXvKKxS9ii9DY4XX,10201 66th Rd,40.72904,-73.85154,Forest Hills,11375,,NY,,0,0,0,0,0,0,0,,,,,,,,,,,,,,
Long Island Jewish Medical Center,true,Ag8AHJRcVdLp,27005 76th Ave,40.75145,-73.70083,New Hyde Park,11040,,NY,,0,0,0,0,0,0,0,,,,,,,,,,,,,,
Long Island Jewish Medical Center,true,R9xFa8SUmF3ovZh4DgFk,27005 76th Ave,40.75145,-73.70083,New Hyde Park,11040,,NY,,0,0,0,0,0,0,0,,,,,,,,,,,,,,
Long Island Jewish Valley Stream,true,fHF_JVUEYdUDD,900 Franklin Ave,40.67999,-73.68517,Valley Stream,11580,,NY,,0,0,0,0,0,0,0,,,,,,,,,,,,,,
Long Island Jewish Valley Stream,true,FkJtG5WAeR5NTfMwnboG,900 Franklin Ave,40.67999,-73.68517,Valley Stream,11580,,NY,,0,0,0,0,0,0,0,,,,,,,,,,,,,,
Los Angeles Community Hospital,true,nkUtfXHFULNoVuaxbxbY,4081 E Olympic Blvd,34.01936,-118.18661,Los Angeles,90023,,CA,,0,0,0,0,0,0,0,,,,,,,,,,,,,,
"Los Angeles County and University of 
Southern California Medical Center",true,wExziUQ8veFtWSLpxoG4,2051 Marengo St,34.0564,-118.20668,Los Angeles,90033,,CA,,0,0,0,0,0,0,0,,,,,,,,,,,,,,
Main Line Mobile Testing,true,oqwhphsbHLcuMyAttAfv,3855 West Chester Pike # 300,39.98625,-75.40853,Newtown Square,19073,,PA,,0,0,0,0,0,0,0,,,,,,,,,,,,,,
Marina del Rey Hospital,true,YV2xBNaxsntXsxaE5ZT3,4650 Lincoln Blvd,33.98097,-118.43931,Marina del Rey,90292,,CA,,0,0,0,0,0,0,0,,,,,,,,,,,,,,
Mayo Clinic Hospital,true,2tjZFSRigANjX9zcFKB8,5777 E Mayo Blvd,33.65895,-111.95686,Phoenix,85054,,AZ,,0,0,0,0,0,0,0,,,,,,,,,,,,,,
McLaren Macomb,true,Smx5fvP47QXKr5JgVLh7,1000 Harrington St,42.58673,-82.89635,Mount Clemens,48043,,MI,,0,0,0,0,0,0,0,,,,,,,,,,,,,,
McLaren Macomb Hospital,true,KEs5JEZFVjXw6x43PvBB,1000 Harrington St,42.58673,-82.89635,Mount Clemens,48043,,MI,,0,0,0,0,0,0,0,,,,,,,,,,,,,,
McLaren Oakland,true,hgsqwh6iVMfkHU4QUc4X,50 N Perry St,42.63652,-83.29032,Pontiac,48342,,MI,,0,0,0,0,0,0,0,,,,,,,,,,,,,,
Medical Center of Trinity,true,kVVYW-Zty9uF,9330 State Road 54,28.20883,-82.66192,Trinity,34655,,FL,,0,0,0,0,0,0,0,,,,,,,,,,,,,,
Medical Center of Trinity - West Pasco Campus,true,UkxS4rAaxAsHsKJoBw5j,5637 Marine Pkwy,28.23419,-82.72215,New Port Richey,34652,,FL,,0,0,0,0,0,0,0,,,,,,,,,,,,,,
Medical City Alliance,true,fCZU6DRaHTePR2xDJP3k,3101 N Tarrant Pkwy,32.89629,-97.30826,Fort Worth,76177,,TX,,0,0,0,0,0,0,0,,,,,,,,,,,,,,
Medical City Arlington,true,cxFjTqFtJ9wyP,3301 Matlock Rd,32.69287,-97.11495,Arlington,76015,,TX,,0,0,0,0,0,0,0,,,,,,,,,,,,,,
Medical City Childrens Hospital,true,FuvMihEKgPxLVGjGbWyZ,7777 Forest Ln,32.90946,-96.77128,Dallas,75230,,TX,,0,0,0,0,0,0,0,,,,,,,,,,,,,,
Medical City Dallas,true,WYKDKhA8wuKgBPh7nMGH,7777 Forest Ln Ste A-250,32.90946,-96.77128,Dallas,75230,,TX,,0,0,0,0,0,0,0,,,,,,,,,,,,,,
Medical City Denton,true,pcBgdusCo259PXsnKJJo,3535 S Interstate 35 E,33.17731,-97.09092,Denton,76210,,TX,,0,0,0,0,0,0,0,,,,,,,,,,,,,,
Medical City Er - Flower Mound,true,aZzJFeUcMcaP7jDE8fW4,4351 Long Prairie Rd,33.04464,-97.07002,Flower Mound,75028,,TX,,0,0,0,0,0,0,0,,,,,,,,,,,,,,
Medical City Frisco,true,b8b9Q4nwHVip8fLuRz4a,5500 Frisco Square Blvd,33.15106,-96.83476,Frisco,75034,,TX,,0,0,0,0,0,0,0,,,,,,,,,,,,,,
Medical City Las Colinas,true,sr9mww3VZquh9,6800 N MacArthur Blvd,32.90306,-96.95887,Irving,75039,,TX,,0,0,0,0,0,0,0,,,,,,,,,,,,,,
Medical City Lewisville,true,GUM5YZ7pZnuPDtKLtJK9,500 W Main St,33.04588,-96.98734,Lewisville,75057,,TX,,0,0,0,0,0,0,0,,,,,,,,,,,,,,
Medical City McKinney,true,cFX52MyGvRAPace4pd5a,4500 Medical Center Dr,33.15829,-96.63556,McKinney,75069,,TX,,0,0,0,0,0,0,0,,,,,,,,,,,,,,
Medical City North Hills,true,Y9KT_6BRRG36,4401 Booth Calloway Rd,32.82933,-97.2123,North Richland Hills,76180,,TX,,0,0,0,0,0,0,0,,,,,,,,,,,,,,
Medical City of Fort Worth,true,SR5QawczyyWPzmYhZBep,900 8th Ave,32.73449,-97.34416,Fort Worth,76104,,TX,,0,0,0,0,0,0,0,,,,,,,,,,,,,,
Medical City Plano,true,PKzaNQ9pmvaXMJ,3901 W 15th St,33.0194,-96.76607,Plano,75075,,TX,,0,0,0,0,0,0,0,,,,,,,,,,,,,,
Medical City Weatherford,true,nQE4VyyDE4bz3MGxGpjj,713 E Anderson St,32.74755,-97.786,Weatherford,76086,,TX,,0,0,0,0,0,0,0,,,,,,,,,,,,,,
MedPost Urgent Care - Bloomfield,true,p5ujxaGMx9i4s,2274 S Telegraph Rd,42.60559,-83.29603,Bloomfield Township,48302,,MI,,0,0,0,0,0,0,0,,,,,,,,,,,,,,
MedPost Urgent Care - Canton,true,OEPCxGH9d-ict,43767 Ford Rd,42.32211,-83.4761,Canton,48187,,MI,,0,0,0,0,0,0,0,,,,,,,,,,,,,,
MedPost Urgent Care - Clinton Township,true,k_ujhzeopwdct,18276 Hall Rd,42.62781,-82.93961,Clinton Township,48038,,MI,,0,0,0,0,0,0,0,,,,,,,,,,,,,,
MedPost Urgent Care - Grosse Pointe,true,O5uID56wjwd4f,20599 Mack Ave,42.44214,-82.90747,Grosse Pointe Woods,48236,,MI,,0,0,0,0,0,0,0,,,,,,,,,,,,,,
MedPost Urgent Care - Livonia,true,p5QIhRL0fZdVb,11502 Middlebelt Rd,42.36875,-83.33307,Livonia,48150,,MI,,0,0,0,0,0,0,0,,,,,,,,,,,,,,
MedPost Urgent Care - Rochester Hills,true,k_PI1YBGDgzVs,3035 S Rochester Rd,42.63447,-83.13167,Rochester Hills,48307,,MI,,0,0,0,0,0,0,0,,,,,,,,,,,,,,
MedPost Urgent Care - Royal Oak,true,pEQ31lGO39iVt,2140 E 12 Mile Rd,42.50087,-83.12386,Royal Oak,48067,,MI,,0,0,0,0,0,0,0,,,,,,,,,,,,,,
MedPost Urgent Care - Southfield,true,v5uIhRC07vzVs,29628 Southfield Rd,42.50798,-83.22275,Southfield,48076,,MI,,0,0,0,0,0,0,0,,,,,,,,,,,,,,
MedPost Urgent Care - Sterling Heights,true,pEWjhWqB4elcb,36765 Van Dyke Ave,42.564,-83.02986,Sterling Heights,48312,,MI,,0,0,0,0,0,0,0,,,,,,,,,,,,,,
Memorial Hermann Katy Hospiral,true,ksBpcgUQnPuqo8NpPvPu,23900 Katy Fwy,29.74004,-95.79662,Katy,77494,,TX,,0,0,0,0,0,0,0,,,,,,,,,,,,,,
Memorial Hermann Memorial City Medical Center,true,DiQ5nA2VvhBBKat8nv8s,921 Gessner Rd,29.77935,-95.54449,Houston,77024,,TX,,0,0,0,0,0,0,0,,,,,,,,,,,,,,
Memorial Hermann Southwest Hospital,true,N4x789VAKPtBempZ35ab,7600 Beechnut St,29.6918,-95.52581,Houston,77074,,TX,,0,0,0,0,0,0,0,,,,,,,,,,,,,,
Memorial Hermann Sugar Land Hospital,true,3pp9VaReHpYoooqCT5ZY,17500 W Grand Pkwy S,29.58259,-95.62663,Sugar Land,77479,,TX,,0,0,0,0,0,0,0,,,,,,,,,,,,,,
Memorial Hospital of Tampa,true,SdMR-u_JmDDj,2901 W Swann Ave,27.93752,-82.48922,Tampa,33609,,FL,,0,0,0,0,0,0,0,,,,,,,,,,,,,,
Menorah Medical Center,true,NxiSFTaGZyahvvwKWSPZ,5721 W 119th St,38.91286,-94.65464,Overland Park,66209,,KS,,0,0,0,0,0,0,0,,,,,,,,,,,,,,
Mercy Fitzgerald Hospital,true,_CYydX5aIwavCzYF,1500 Lansdowne Ave,39.92646,-75.26806,Darby,19023,,PA,,0,0,0,0,0,0,0,,,,,,,,,,,,,,
Mercy Gilbert Medical Center,true,sTaThkJg7YqgeaLUpzoP,3555 S Val Vista Dr,33.28702,-111.75533,Gilbert,85297,,AZ,,0,0,0,0,0,0,0,,,,,,,,,,,,,,
Mercy Health Partners - Mercy Campus,true,biIt4QmBtvxM,1500 E Sherman Blvd,43.20461,-86.20585,Muskegon,49444,,MI,,0,0,0,0,0,0,0,,,,,,,,,,,,,,
"Mercy Hospital, a Campus of Plantation General Hospital",true,eg9e8V5cDKpUeqmtBADC,3663 S Miami Ave,25.74054,-80.21468,Miami,33133,,FL,,0,0,0,0,0,0,0,,,,,,,,,,,,,,
Mercy Medical Center,true,jaeh3cDSyhDaHe9,1000 N Village Ave,40.68608,-73.63447,Rockville Centre,11570,,NY,,0,0,0,0,0,0,0,,,,,,,,,,,,,,
Mercy Philadelphia Hospital,true,w-XuGQ2_mGRPu,501 S 54th St,39.95244,-75.23023,Philadelphia,19143,,PA,,0,0,0,0,0,0,0,,,,,,,,,,,,,,
Methodist Ambulatory Surgery Hospital,true,ujximTX6bVkPBY8F8TTh,9150 Huebner Rd,29.5271,-98.59637,San Antonio,78240,,TX,,0,0,0,0,0,0,0,,,,,,,,,,,,,,
Methodist Hospital,true,3QLwdtQGsmYmd2km9PLw,7700 Floyd Curl Dr,29.509,-98.57384,San Antonio,78229,,TX,,0,0,0,0,0,0,0,,,,,,,,,,,,,,
Methodist University Hospital,true,MHoYro3phGRwdgtYuvG7,1265 Union Ave,35.1364,-90.01928,Memphis,38104,,TN,,0,0,0,0,0,0,0,,,,,,,,,,,,,,
Mission Community Hospital,true,Np8XcYW8JSbvadKYfcGQ,14850 Roscoe Blvd,34.22139,-118.4564,Panorama City,91402,,CA,,0,0,0,0,0,0,0,,,,,,,,,,,,,,
Mission Hospital Laguna Beach,true,nE5oBvf5xuUriEK,31872 Coast Hwy Ste 100,33.49998,-117.74234,Laguna Beach,92651,,CA,,0,0,0,0,0,0,0,,,,,,,,,,,,,,
Mission Hospital Regional Medical Center - Laguna Beach,true,xts5xEYBZWg9qYn9UaNx,31872 Coast Hwy,33.49998,-117.74234,Laguna Beach,92651,,CA,,0,0,0,0,0,0,0,,,,,,,,,,,,,,
Mission Hospital Regional Medical Center - Mission Viejo,true,TPvjCKVhLW02,27700 Medical Center Rd,33.56131,-117.66697,Mission Viejo,92691,,CA,,0,0,0,0,0,0,0,,,,,,,,,,,,,,
Mission Trail Baptist Hospital,true,8p7HchL7bMm5q7FJr5Gv,3333 Research Plz,29.34155,-98.45081,San Antonio,78235,,TX,,0,0,0,0,0,0,0,,,,,,,,,,,,,,
Montefiore Mount Vernon Hospital,true,0P3kqDdDmAEBUJ,12 N 7th Ave,40.91282,-73.84012,Mount Vernon,10550,,NY,,0,0,0,0,0,0,0,,,,,,,,,,,,,,
Montefiore Mount Vernon Hospital,true,2g8sRzYsrd_Rur2,12 N 7th Ave,40.91282,-73.84012,Mount Vernon,10550,,NY,,0,0,0,0,0,0,0,,,,,,,,,,,,,,
Morris Park Urgent Care,true,l-Aeu1sNdLruPh6,1049 Morris Park Ave,40.8487,-73.85513,Bronx,10461,,NY,,1,1,1,1,1,1,1,09:00:00,21:00:00,09:00:00,18:00:00,09:00:00,21:00:00,09:00:00,21:00:00,09:00:00,21:00:00,09:00:00,21:00:00,09:00:00,18:00:00
Morristown Medical Center,true,NhoOLCwbpBowbjb,100 Madison Ave,40.78055,-74.45711,Morristown,07960,,NJ,,0,0,0,0,0,0,0,,,,,,,,,,,,,,
Morristown Medical Center,true,uTqH-Pv9_ZsK,16 Eden Ln,40.81973,-74.42522,Whippany,07981,,NJ,,0,0,0,0,0,0,0,,,,,,,,,,,,,,
Morristown Medical Center - Parking Lot,true,WSAnueVuprqRcB8Nyxdw,475 South St,40.77321,-74.47025,Morristown,07960,,NJ,,0,0,0,0,0,0,0,,,,,,,,,,,,,,
Mount Carmel Corporate Service Center,true,4H4piqADL7Vtf75gPbeR,6150 E Broad St,39.98134,-82.8375,Columbus,43213,,OH,,0,0,0,0,0,0,0,,,,,,,,,,,,,,
Mount Sinai Express Care At the Mount Sinai Hospital - Inn,true,i9qpyGfN4xEkK7k28cjf,1440 Madison Ave,40.78977,-73.95241,New York,10029,,NY,,0,0,0,0,0,0,0,,,,,,,,,,,,,,
Mount Sinai Hospital,true,geyde2iVpo8Q-gK,1 Gustave L Levy Pl,40.79055,-73.95384,New York,10029,,NY,,0,0,0,0,0,0,0,,,,,,,,,,,,,,
Nationwide Children's Hospital,true,zNfD6WYc_ORct,700 Childrens Dr,39.95347,-82.97905,Columbus,43205,,OH,,0,0,0,0,0,0,0,,,,,,,,,,,,,,
Nazareth Hospital,true,S7DWvPwUd4JM,2601 Holme Ave,40.0584,-75.0428,Philadelphia,19152,,PA,,0,0,0,0,0,0,0,,,,,,,,,,,,,,
New York University Langone Tisch Hospital,true,CVKSHBgAqYS2pUhBdKBr,570 1st Ave,40.7429,-73.97404,New York,10016,,NY,,0,0,0,0,0,0,0,,,,,,,,,,,,,,
NewYork Presbyterian - Lower Manhattan Hospital,true,Wxcfny7o5prqihD6ms4q,170 William St,40.71027,-74.00562,New York,10038,,NY,,0,0,0,0,0,0,0,,,,,,,,,,,,,,
NewYork-Presbyterian Allen Hospital,true,kHA3Z7oSAvAwjo4teSJ7,5141 Broadway,40.87098,-73.91495,New York,10034,,NY,,0,0,0,0,0,0,0,,,,,,,,,,,,,,
NewYork-Presbyterian Brooklyn Methodist Hospital,true,ZLc7xDdEPE6GwFTRnt5x,506 6th St,40.66815,-73.97914,Brooklyn,11215,,NY,,0,0,0,0,0,0,0,,,,,,,,,,,,,,
NewYork-Presbyterian Columbia Medical Center,true,BXnA8fAao5Nin6BcMFFH,630 W 168th St,40.84125,-73.9404,New York,10032,,NY,,0,0,0,0,0,0,0,,,,,,,,,,,,,,
NewYork-Presbyterian Hospital/Weill Cornell Medical Center,true,pz5D8BejGNqqXqhANBuK,525 E 68th St,40.76413,-73.955,New York,10065,,NY,,0,0,0,0,0,0,0,,,,,,,,,,,,,,
NewYork-Presbyterian Hudson Valley Hospital,true,P4QHvjBMvfzrkML9M7KG,1980 Crompond Rd,41.29196,-73.89569,Cortlandt Manor,10567,,NY,,0,0,0,0,0,0,0,,,,,,,,,,,,,,
NewYork-Presbyterian Lawrence Hospital,true,UbVLNQK6hx6dtKC264Xp,55 Palmer Ave,40.94164,-73.83602,Bronxville,10708,,NY,,0,0,0,0,0,0,0,,,,,,,,,,,,,,
NewYork-Presbyterian Queens Hospital,true,yCJ37UFXtAi9L6wYaHHV,5645 Main St,40.74743,-73.82609,Flushing,11355,,NY,,0,0,0,0,0,0,0,,,,,,,,,,,,,,
North Central Baptist Hospital,true,2SjQGL5WBV32,520 Madison Oak Dr,29.62091,-98.4935,San Antonio,78258,,TX,,0,0,0,0,0,0,0,,,,,,,,,,,,,,
North Central Baptist Hospital,true,ZAkAevpj5LgdzUBGkSM9,520 Madison Oak Dr,29.62091,-98.4935,San Antonio,78258,,TX,,0,0,0,0,0,0,0,,,,,,,,,,,,,,
North Shore LIJ Urgent Care,true,Zfga0H5DXlD2,145 Community Dr,40.78087,-73.70348,Great Neck,11021,,NY,,0,0,0,0,0,0,0,,,,,,,,,,,,,,
North Shore University Hospital,true,emnWoMwtjW4nWo9QYEXi,300 Community Dr,40.77773,-73.70209,Manhasset,11030,,NY,,0,0,0,0,0,0,0,,,,,,,,,,,,,,
North Shore University Hospital,true,KtRuZV5az-Vp,300 Community Dr,40.77773,-73.70209,Manhasset,11030,,NY,,0,0,0,0,0,0,0,,,,,,,,,,,,,,
North Shore- LIJ Urgent Care P.C.,true,cPhRphAVHm8f8UQft6Sj,241 E Main St,40.87758,-73.39938,Huntington,11743,,NY,,0,0,0,0,0,0,0,,,,,,,,,,,,,,
North Suburban Medical Center,true,APW2ybzvyVxd323m9XR5,9191 Grant St,39.863,-104.98297,Thornton,80229,,CO,,0,0,0,0,0,0,0,,,,,,,,,,,,,,
North Suburban Northeast Ed,true,mU9smeWYoP36x6xcPqX9,12793 Holly St,39.92381,-104.92199,Thornton,80241,,CO,,0,0,0,0,0,0,0,,,,,,,,,,,,,,
North Suburban Northwest Ed (Dept. Of Nsmc),true,F8Y7L6M4Z7H4XG28JEPf,11230 Benton St,39.95829,-105.05513,Westminster,80020,,CO,,0,0,0,0,0,0,0,,,,,,,,,,,,,,
Northeast Baptist Hospital,true,EMutM45yRPsBJuup2NA3,8811 Village Dr,29.51957,-98.42755,San Antonio,78217,,TX,,0,0,0,0,0,0,0,,,,,,,,,,,,,,
Northeast Baptist Hospital,true,zbpEncYqzkYH9NWfjBP7,8811 Village Dr,29.51957,-98.42755,San Antonio,78217,,TX,,0,0,0,0,0,0,0,,,,,,,,,,,,,,
Northern Westchester Hospital,true,4228uLbDveQtD5ibtqCm,400 E Main St,41.19693,-73.7273,Mount Kisco,10549,,NY,,0,0,0,0,0,0,0,,,,,,,,,,,,,,
Northern Westchester Hospital,true,K7LoJYlo0YS2L,400 E Main St,41.19693,-73.7273,Mount Kisco,10549,,NY,,0,0,0,0,0,0,0,,,,,,,,,,,,,,
Northern Westchester Hospital Transitional Care Unit,true,upa0RUeaskJTxy,400 E Main St,41.19693,-73.7273,Mount Kisco,10549,,NY,,0,0,0,0,0,0,0,,,,,,,,,,,,,,
Northside Hospital,true,5moKXzkKg7nwvDpRmDs9,6000 49th St N,27.82628,-82.70001,St Petersburg,33709,,FL,,0,0,0,0,0,0,0,,,,,,,,,,,,,,
Northside Hospital Atlanta,true,cnuzARPwnuJYwpZqZUjX,1000 Johnson Ferry Rd,33.90933,-84.35398,Atlanta,30342,,GA,,0,0,0,0,0,0,0,,,,,,,,,,,,,,
Northwest Medical Center,true,M7q2bj8sPwSs,2801 N State Road 7,26.26536,-80.20182,Margate,33063,,FL,,0,0,0,0,0,0,0,,,,,,,,,,,,,,
NYC Health + Hospitals Bellevue,true,2hd6TmguqUSiHpLVniMB,462 1st Ave,40.73937,-73.97661,New York,10016,,NY,,0,0,0,0,0,0,0,,,,,,,,,,,,,,
NYC Health + Hospitals Harlem,true,dcJoTPCD2aNHJFsRfCMF,506 Malcolm X Blvd,40.81473,-73.94028,New York,10037,,NY,,0,0,0,0,0,0,0,,,,,,,,,,,,,,
NYC Health + Hospitals Lincoln,true,KjkjKDUE8h3xtdGS8Ba8,234 E 149th St,40.81762,-73.92404,Bronx,10451,,NY,,0,0,0,0,0,0,0,,,,,,,,,,,,,,
NYU Langone Hospital- Brooklyn,true,mUP9JrRyjF3psyT8mB8v,5434 2nd Ave,40.6469,-74.01959,Brooklyn,11220,,NY,,0,0,0,0,0,0,0,,,,,,,,,,,,,,
NYU Winthrop Hospital,true,qCBpSc4ujye5jH4H84tH,259 1st St,40.74155,-73.64353,Mineola,11501,,NY,,0,0,0,0,0,0,0,,,,,,,,,,,,,,
Oak Bend Medcal Center - Jackson Street Hospital Campus,true,j6bXwYSdy2dLfgL2rJ6u,1705 Jackson St,29.57652,-95.77057,Richmond,77469,,TX,,0,0,0,0,0,0,0,,,,,,,,,,,,,,
Oak Hill Hospital,true,UFQpzEV7dvqYw,11375 Cortez Blvd,28.533,-82.53679,Brooksville,34613,,FL,,0,0,0,0,0,0,0,,,,,,,,,,,,,,
"Ohio State University Wexner Medical Center (Must Be an Oh State University Patient, Must Call Main Phone #, Then Be Transfered to Dedicated Covid-19 Hotline to Be Screened for Testing, Location for T",true,qpNNMXXmYVyFehb3uKJN,410 W 10th Ave,39.99452,-83.01659,Columbus,43210,,OH,,0,0,0,0,0,0,0,,,,,,,,,,,,,,
OhioHealth Doctors Hospital (Must Have a Oh Health PCP Referral for Testing Before Location of Testing Is Provided),true,NyRdGFKubXWpJKYfxJQU,5100 W Broad St,39.95268,-83.13714,Columbus,43228,,OH,,0,0,0,0,0,0,0,,,,,,,,,,,,,,
OhioHealth Dublin Methodist Hospital (Must Have a Oh Health PCP Referral for Testing Before Location of Testing Is Provided),true,xdRF6HdsgtvtvUgTcNNJ,7500 Hospital Dr,40.10138,-83.16467,Dublin,43016,,OH,,0,0,0,0,0,0,0,,,,,,,,,,,,,,
OhioHealth Grant Medical Center (Must Have a Oh Health PCP Referral for Testing Before Location of Testing Is Provided),true,LaPMJuqEbK3V2Y2SWyJK,111 S Grant Ave,39.96096,-82.99078,Columbus,43215,,OH,,0,0,0,0,0,0,0,,,,,,,,,,,,,,
Olathe Medical Center,true,fXHNG3W3PKJgUDHh8gsq,20333 W 151st St,38.85454,-94.8232,Olathe,66061,,KS,,0,0,0,0,0,0,0,,,,,,,,,,,,,,
Olive View-UCLA Medical Center,true,LFhspaAEBiaE4edZWidH,14445 Olive View Dr,34.32447,-118.4465,Sylmar,91342,,CA,,0,0,0,0,0,0,0,,,,,,,,,,,,,,
Orange County Global Medical Center,true,ee43JHd2urPaY8sDCHDc,1001 N Tustin Ave,33.75282,-117.8341,Santa Ana,92705,,CA,,0,0,0,0,0,0,0,,,,,,,,,,,,,,
Orange Regional Medical Center,true,jzgNshJO9RzCj7zW,707 E Main St,41.44045,-74.36525,Middletown,10940,,NY,,0,0,0,0,0,0,0,,,,,,,,,,,,,,
Orange Regional Medical Center,true,MhkaRM2wtW9oLF3uN3fg,75 Crystal Run Rd Ste G20,41.4581,-74.34136,Middletown,10941,,NY,,0,0,0,0,0,0,0,,,,,,,,,,,,,,
"Palm Beach Gardens Community Hospital, Inc., D/B/A Palm Beach Gardens Medical Center",true,f5YNOLUecXaf,3360 Burns Rd # 152,26.83058,-80.0875,Palm Beach Gardens,33410,,FL,,0,0,0,0,0,0,0,,,,,,,,,,,,,,
Palms of Pasadena Hospital,true,QWRyvlpe4GET,1501 Pasadena Ave S,27.75213,-82.73953,South Pasadena,33707,,FL,,0,0,0,0,0,0,0,,,,,,,,,,,,,,
Palms West Hospital,true,fYY5K0c-MgMU,13001 Southern Blvd,26.68188,-80.25079,Loxahatchee,33470,,FL,,0,0,0,0,0,0,0,,,,,,,,,,,,,,
Parham Drs Hsp Campus of Henrico Drs Hs,true,nfu2rSzNUCV9V7NXfoch,7700 E Parham Rd Ste 205A,37.63168,-77.52546,Henrico,23294,,VA,,0,0,0,0,0,0,0,,,,,,,,,,,,,,
Peconic Bay Medical Center,true,g4vcCZCoKPBKxf8eYSKz,1300 Roanoke Ave,40.93351,-72.67412,Riverhead,11901,,NY,,0,0,0,0,0,0,0,,,,,,,,,,,,,,
Peconic Bay Medical Center,true,xWLk-d4ULBB7aU,1300 Roanoke Ave,40.93351,-72.67412,Riverhead,11901,,NY,,0,0,0,0,0,0,0,,,,,,,,,,,,,,
Penn Medicine COVID-19 Ambulatory Testing Site - Radnor,true,T9yoPsaivvX7Ja64DJhC,201 King of Prussia Rd,40.08115,-75.38876,Radnor,19087,,PA,,0,0,0,0,0,0,0,,,,,,,,,,,,,,
Penn Medicine COVID-19 Ambulatory Testing Site - West Philadelphia,true,z5kqYD8EsqEym2XqL9qz,4122 Market St,39.95722198486328,-75.20491790771484,Philadelphia,19104,,PA,,0,0,0,0,0,0,0,,,,,,,,,,,,,,
Pennsylvania Hospital,true,I3lyXcBpMVdY,800 Spruce St,39.9456,-75.1556,Philadelphia,19107,,PA,,0,0,0,0,0,0,0,,,,,,,,,,,,,,
Phelps Memorial Hospital Center,true,9mMtxbXqZcshXfLbCobh,701 N Broadway,41.10528,-73.8603,Sleepy Hollow,10591,,NY,,0,0,0,0,0,0,0,,,,,,,,,,,,,,
Phelps Memorial Hospital Ctr,true,xJVYzRmuS5yygw,755 N Broadway,41.10518,-73.86032,Sleepy Hollow,10591,,NY,,0,0,0,0,0,0,0,,,,,,,,,,,,,,
Pih Health Hospital - Downey,true,z5sDxTvsHWwsuwF9Ci4F,11500 Brookshire Ave,33.93443,-118.13117,Downey,90241,,CA,,0,0,0,0,0,0,0,,,,,,,,,,,,,,
Plainview Hospital,true,cKKap_2mai6c,888 Old Country Rd,40.77434,-73.47903,Plainview,11803,,NY,,0,0,0,0,0,0,0,,,,,,,,,,,,,,
Plainview Hospital,true,xZKTTfeLZLLT2Pdv76aX,888 Old Country Rd,40.77434,-73.47903,Plainview,11803,,NY,,0,0,0,0,0,0,0,,,,,,,,,,,,,,
Plantation General Hospital,true,8jfWkwKRNm2Weog6W4Du,401 NW 42nd Ave,26.12646,-80.20519,Plantation,33317,,FL,,0,0,0,0,0,0,0,,,,,,,,,,,,,,
Pnc Bank Arts Center,true,pFM4fX78zpyhjxNrUcWF,116 Garden State Pkwy,40.38229,-74.17892,Holmdel,07733,,NJ,,0,0,0,0,0,0,0,,,,,,,,,,,,,,
Pottstown Hospital - Tower Health,true,2p5ceFKs8ATt8hWHPT4y,1600 E High St,40.24392,-75.61354,Pottstown,19464,,PA,,0,0,0,0,0,0,0,,,,,,,,,,,,,,
Presbyterian Medical Center,true,djYZRsPJwBgQvcaLYhYA,51 N 39th St,39.95934,-75.19866,Philadelphia,19104,,PA,,0,0,0,0,0,0,0,,,,,,,,,,,,,,
Presbyterian St. Luke's Medical Center,true,ZbAJdt8CrYxiszx8cYkg,1719 E 19th Ave,39.74658,-104.96673,Denver,80218,,CO,,0,0,0,0,0,0,0,,,,,,,,,,,,,,
ProHEALTH Circle Urgent Care of Eltingville,true,POSpJXPI7IfFvmP,3894 Richmond Ave,40.54186,-74.16299,Staten Island,10312,,NY,,0,0,0,0,0,0,0,,,,,,,,,,,,,,
ProHEALTH Circle Urgent Care of Tottenville,true,7r3AJXP8jcXitnH,7001 Amboy Rd,40.51635,-74.23423,Staten Island,10307,,NY,,1,1,1,1,1,1,1,09:00:00,21:00:00,09:00:00,18:00:00,09:00:00,21:00:00,09:00:00,21:00:00,09:00:00,21:00:00,09:00:00,21:00:00,09:00:00,18:00:00
ProHEALTH Circle Urgent Care of Victory Boulevard,true,2aQpbDJ4PMBiwn2,2960 Victory Blvd,40.60686,-74.16119,Staten Island,10314,,NY,,0,0,0,0,0,0,0,,,,,,,,,,,,,,
ProHEALTH Erdox Urgent Care of Amityville,true,7US4-5SSAsivnH,148 Merrick Rd,40.67072,-73.41552,Amityville,11701,,NY,,0,0,0,0,0,0,0,,,,,,,,,,,,,,
ProHEALTH Erdox Urgent Care of Freeport,true,uHzVsu7dGLWuBh6,129 W Sunrise Hwy,40.6565,-73.58518,Freeport,11520,,NY,,1,1,1,1,1,1,1,09:00:00,21:00:00,09:00:00,21:00:00,09:00:00,21:00:00,09:00:00,21:00:00,09:00:00,21:00:00,09:00:00,21:00:00,09:00:00,21:00:00
ProHEALTH Erdox Urgent Care of Massapequa Park,true,2U3AJk-JBf1NehH,4954 Merrick Rd,40.66645,-73.45404,Massapequa Park,11762,,NY,,0,0,0,0,0,0,0,,,,,,,,,,,,,,
ProHEALTH of Huntington Station,true,7rSjJN7DSXsGt0P,247 Walt Whitman Rd,40.8203,-73.41238,Huntington Station,11746,,NY,,1,1,1,1,1,1,1,09:00:00,21:00:00,09:00:00,18:00:00,09:00:00,21:00:00,09:00:00,21:00:00,09:00:00,21:00:00,09:00:00,21:00:00,09:00:00,18:00:00
ProHEALTH Pediatric Urgent Care of Wantagh,true,2O5jJ27OFqGGem7,1167 Wantagh Ave,40.69414,-73.50748,Wantagh,11793,,NY,,1,1,1,1,1,1,1,10:00:00,22:00:00,09:00:00,18:00:00,10:00:00,22:00:00,10:00:00,22:00:00,10:00:00,22:00:00,10:00:00,22:00:00,09:00:00,18:00:00
ProHEALTH Urgent Care of Bay Ridge,true,7O3A-X2ktIqFw07,8500 4th Ave,40.6236,-74.02812,Brooklyn,11209,,NY,,1,1,1,1,1,1,1,09:00:00,21:00:00,09:00:00,18:00:00,09:00:00,21:00:00,09:00:00,21:00:00,09:00:00,21:00:00,09:00:00,21:00:00,09:00:00,18:00:00
ProHEALTH Urgent Care of Brooklyn (26 Court Street),true,2rSAzfvDFqiie0P,26 Court St,40.69336,-73.99102,Brooklyn,11242,,NY,,0,0,0,0,0,0,0,,,,,,,,,,,,,,
ProHEALTH Urgent Care of Brooklyn (Court Street),true,7r3pJuzAyaXNwhH,330 Court St,40.68299,-73.99588,Brooklyn,11231,,NY,,1,1,1,1,1,1,1,09:00:00,09:00:00,09:00:00,18:00:00,09:00:00,09:00:00,09:00:00,09:00:00,09:00:00,09:00:00,09:00:00,09:00:00,09:00:00,18:00:00
ProHEALTH Urgent Care of Brooklyn Bensonhurst,true,7US4bmbHKLEGehH,6906 18th Ave,40.6166,-73.99319,Brooklyn,11204,,NY,,1,1,1,1,1,1,1,09:00:00,21:00:00,09:00:00,18:00:00,09:00:00,21:00:00,09:00:00,21:00:00,09:00:00,21:00:00,09:00:00,21:00:00,09:00:00,18:00:00
ProHEALTH Urgent Care of College Point,true,7a54JFwwL1uGwmH,13201 14th Ave,40.7867,-73.83633,College Point,11356,,NY,,1,1,1,1,1,1,1,09:00:00,21:00:00,09:00:00,18:00:00,09:00:00,21:00:00,09:00:00,21:00:00,09:00:00,21:00:00,09:00:00,21:00:00,09:00:00,18:00:00
ProHEALTH Urgent Care of Glen Oaks,true,PrS4-ZUqFcBGvhP,25925 Union Tpke,40.74664,-73.71268,Glen Oaks,11004,,NY,,1,1,1,1,1,1,1,09:00:00,21:00:00,09:00:00,18:00:00,09:00:00,21:00:00,09:00:00,21:00:00,09:00:00,21:00:00,09:00:00,21:00:00,09:00:00,18:00:00
ProHEALTH Urgent Care of Howard Beach,true,Ha5j-5JQdNqGv0P,16450 Crossbay Blvd,40.64978,-73.83798,Howard Beach,11414,,NY,,1,1,1,1,1,1,1,09:00:00,21:00:00,09:00:00,18:00:00,09:00:00,21:00:00,09:00:00,21:00:00,09:00:00,21:00:00,09:00:00,21:00:00,09:00:00,18:00:00
ProHEALTH Urgent Care of Howard Beach,true,hmfVHSw4iBvLgVD8cmZH,16450 Crossbay Blvd,40.64929,-73.83786,Howard Beach,11414,,NY,,0,0,0,0,0,0,0,,,,,,,,,,,,,,
ProHEALTH Urgent Care of Huntington,true,7aSj-u5_X8GwnP,339 Main St,40.87096,-73.42911,Huntington,11743,,NY,,0,0,0,0,0,0,0,,,,,,,,,,,,,,
ProHEALTH Urgent Care of Jericho,true,HrSp-dE-aiFv07,555 N Broadway,40.78488,-73.53333,Jericho,11753,,NY,,1,1,1,1,1,1,1,09:00:00,21:00:00,09:00:00,18:00:00,09:00:00,21:00:00,09:00:00,21:00:00,09:00:00,21:00:00,09:00:00,21:00:00,09:00:00,18:00:00
ProHEALTH Urgent Care of Little Neck,true,Ha34-R7DrmEithH,258-61 Nassau Blvd,40.76417922973633,-73.72600555419922,Queens,11362,,NY,,1,1,1,1,1,1,1,09:00:00,21:00:00,09:00:00,18:00:00,09:00:00,21:00:00,09:00:00,21:00:00,09:00:00,21:00:00,09:00:00,21:00:00,09:00:00,18:00:00
ProHEALTH Urgent Care of Plainview,true,2rSjbTvDEmyFvhH,1074 Old Country Rd,40.77647,-73.46946,Plainview,11803,,NY,,1,1,1,1,1,1,1,09:00:00,21:00:00,09:00:00,18:00:00,09:00:00,21:00:00,09:00:00,21:00:00,09:00:00,21:00:00,09:00:00,21:00:00,09:00:00,18:00:00
ProHEALTH Urgent Care of Roslyn,true,2rQpbI79fyivnP,250 S Service Rd,40.78336,-73.64936,Roslyn Heights,11577,,NY,,1,1,1,1,1,1,1,09:00:00,21:00:00,09:00:00,18:00:00,09:00:00,21:00:00,09:00:00,21:00:00,09:00:00,21:00:00,09:00:00,21:00:00,09:00:00,18:00:00
ProHEALTH Urgent Care of West Islip,true,7O3jJF7iiqGGwnH,148 Sunrise Hwy,40.71873,-73.31028,West Islip,11795,,NY,,1,1,1,1,1,1,1,09:00:00,21:00:00,09:00:00,18:00:00,09:00:00,21:00:00,09:00:00,21:00:00,09:00:00,21:00:00,09:00:00,21:00:00,09:00:00,18:00:00
ProHEALTH Urgent Care of Yorkville,true,7aSA-e2Z71Eivh2,1601 3rd Ave,40.78136,-73.9511,New York,10128,,NY,,1,1,1,1,1,1,1,09:00:00,21:00:00,09:00:00,18:00:00,09:00:00,21:00:00,09:00:00,21:00:00,09:00:00,21:00:00,09:00:00,21:00:00,09:00:00,18:00:00
ProHEALTH Urgent Care Riverhead,true,qY9IIgqmnTF7RlW,1149 Old Country Rd,40.92982,-72.68138,Riverhead,11901,,NY,,0,0,0,0,0,0,0,,,,,,,,,,,,,,
Providence Holy Cross Medical Center,true,cW8UwM_jCcxc,15031 Rinaldi St,34.27909,-118.45964,Mission Hills,91345,,CA,,0,0,0,0,0,0,0,,,,,,,,,,,,,,
Providence Little Co of Mary Mc San Pedro,true,o3xkwEOYda2GW,1300 W 7th St,33.73751,-118.30605,San Pedro,90732,,CA,,0,0,0,0,0,0,0,,,,,,,,,,,,,,
Providence Little Company of Mary Medical Center - Torrance,true,U56YPLjj_u_f,4101 Torrance Blvd,33.83891,-118.35677,Torrance,90503,,CA,,0,0,0,0,0,0,0,,,,,,,,,,,,,,
Providence Medical Center,true,FsyWwERZH2kLZsYWFcH6,8929 Parallel Pkwy,39.12689,-94.78617,Kansas City,66112,,KS,,0,0,0,0,0,0,0,,,,,,,,,,,,,,
Providence Saint John's Health Center,true,Gk4XK9Q56GSN,2121 Santa Monica Blvd,34.02983,-118.47873,Santa Monica,90404,,CA,,0,0,0,0,0,0,0,,,,,,,,,,,,,,
Providence St. Joseph Medical Center,true,NCYDTcHNEhQvCrg9,501 S Buena Vista St,34.15572,-118.327,Burbank,91505,,CA,,0,0,0,0,0,0,0,,,,,,,,,,,,,,
Providence Tarzana Medical Center,true,D66QobEDQ4a4,18321 Clark St,34.16986,-118.53438,Tarzana,91356,,CA,,0,0,0,0,0,0,0,,,,,,,,,,,,,,
Regency Hospital - Cleveland East,true,uevwHxMprSimhcEqPzWj,4200 Interchange Corporate Center Rd,41.43515,-81.50519,Warrensville Heights,44128,,OH,,0,0,0,0,0,0,0,,,,,,,,,,,,,,
Regency Hospital - Cleveland West,true,bU2UBWm9qw6DFe9rrjGG,6990 Engle Rd,41.37361,-81.8248,Middleburg Heights,44130,,OH,,0,0,0,0,0,0,0,,,,,,,,,,,,,,
Regional Medical Center Bayonet  Point,true,zR8Uirc8zqzbjBQnSG7e,14000 Fivay Rd,28.36225,-82.69092,Hudson,34667,,FL,,0,0,0,0,0,0,0,,,,,,,,,,,,,,
Research Medical Center Hospital,true,c9JWPf9SjD9idHnhorYB,2316 E Meyer Blvd,39.00714,-94.55937,Kansas City,64132,,MO,,0,0,0,0,0,0,0,,,,,,,,,,,,,,
Resolute Health,true,tmbDxH8VpOkLyrQ,555 Creekside Xing,29.71754,-98.08745,New Braunfels,78130,,TX,,0,0,0,0,0,0,0,,,,,,,,,,,,,,
Robert Wood Johnson Univ Hosp Inc,true,KabNuhrBTYJO9,1 Robert Wood Johnson Pl,40.4933,-74.44766,New Brunswick,08901,,NJ,,0,0,0,0,0,0,0,,,,,,,,,,,,,,
Rose Medical Center,true,vWjaxAz3IiyDPZ,4567 E 9th Ave,39.73218,-104.9339,Denver,80220,,CO,,0,0,0,0,0,0,0,,,,,,,,,,,,,,
Rose Stapleton Ed (Rmc),true,YsFGfFWeEWimAJ59L8Jt,4930 Wabash St,39.75989,-104.88288,Denver,80238,,CO,,0,0,0,0,0,0,0,,,,,,,,,,,,,,
Saddle Rock Ed,true,CZJ8vgqTprTETqkGfLaZ,22500 E Dry Creek Rd,39.58789,-104.76439,Aurora,80016,,CO,,0,0,0,0,0,0,0,,,,,,,,,,,,,,
Saddleback Medical Center,true,pnoZ2otYmWSPpF2KXFm6,24451 Health Center Dr,33.60803,-117.70816,Laguna Hills,92653,,CA,,0,0,0,0,0,0,0,,,,,,,,,,,,,,
Saint Barnabas Hospital,true,t444RRXmYKE7RU8WmzDi,4422 3rd Ave,40.85279,-73.89117,Bronx,10457,,NY,,0,0,0,0,0,0,0,,,,,,,,,,,,,,
Saint David's Medical Center,true,SFsqNLrsW8v5pUMh6SZD,919 E 32nd St,30.29087,-97.72696,Austin,78705,,TX,,0,0,0,0,0,0,0,,,,,,,,,,,,,,
Saint David's Round Rock Medical Center,true,Ttrb8wg3KYMNHKyi7Js5,2400 Round Rock Ave,30.51054,-97.71507,Round Rock,78681,,TX,,0,0,0,0,0,0,0,,,,,,,,,,,,,,
Saint David's South Austin Medical Center,true,iUCQpMHDLbStDjQ34NfQ,901 W Ben White Blvd,30.22722,-97.77348,Austin,78704,,TX,,0,0,0,0,0,0,0,,,,,,,,,,,,,,
Saint Francis Hospital - Bishop McHugh Health Center,true,LZwt2_J74PgsJ_,750 S Broadway,40.75041,-73.50449,Hicksville,11801,,NY,,0,0,0,0,0,0,0,,,,,,,,,,,,,,
Saint Joseph Hospital,true,5iuEyVBuC6z3,4295 Hempstead Tpke,40.7258,-73.47882,Bethpage,11714,,NY,,0,0,0,0,0,0,0,,,,,,,,,,,,,,
Saint Joseph Medical Center,true,DdL5yhHD2AiX3p46ytGf,1000 Carondelet Dr,38.93534,-94.60431,Kansas City,64114,,MO,,0,0,0,0,0,0,0,,,,,,,,,,,,,,
Saint Joseph's Hospital and Medical Center,true,XC2pXknPawrj9BX5YEDY,350 W Thomas Rd,33.48039,-112.0783,Phoenix,85013,,AZ,,0,0,0,0,0,0,0,,,,,,,,,,,,,,
Saint Luke's Baptist Hospital,true,N7ZAwF4pxAGFxHY5sJKs,7930 Floyd Curl Dr,29.51142,-98.57526,San Antonio,78229,,TX,,0,0,0,0,0,0,0,,,,,,,,,,,,,,
Saint Luke's Hospital of Kansas City,true,STJptbN39Ei2neZZyyuY,4401 Wornall Rd,39.0465,-94.59004,Kansas City,64111,,MO,,0,0,0,0,0,0,0,,,,,,,,,,,,,,
Saint Mary's Medical Center,true,AN0GVQrvp1hg,901 45th St,26.7532,-80.0628,Mangonia Park,33407,,FL,,0,0,0,0,0,0,0,,,,,,,,,,,,,,
Salah Foundation Children's Hospital At Broward Health,true,V6CoW2GSewDF7dHM2Y9M,1600 S Andrews Ave,26.102,-80.13926,Fort Lauderdale,33316,,FL,,0,0,0,0,0,0,0,,,,,,,,,,,,,,
San Antonio Regional Hospital,true,9LzvShpjVAdt,999 San Bernardino Rd,34.10103,-117.63843,Upland,91786,,CA,,0,0,0,0,0,0,0,,,,,,,,,,,,,,
San Mateo County Event Center,true,5VmmipsN8275k8onQHG7,1346 Saratoga Dr,37.54669952392578,-122.30159759521484,San Mateo,94403,,CA,,0,0,0,0,0,0,0,,,,,,,,,,,,,,
"San Mateo County Event Center (Project Baseline By Verily (Need to Create an Account and Provide Personal Information, Take a Screening Test, and Fill Out an Authorization Form, to Potentially Be Elig",true,Unkrnx7TFXjDynNdhSTk,1346 Saratoga Dr,37.54669952392578,-122.30159759521484,San Mateo,94403,,CA,,0,0,0,0,0,0,0,,,,,,,,,,,,,,
"Santa Clara County Fairgrounds (Project Baseline By Verily (Need to Create an Account and Provide Personal Information, Take a Screening Test, and Fill Out an Authorization Form, to Potentially Be Eli",true,oSRP8JgBuN3XmhwdqVvL,344 Tully Rd,37.30419,-121.8531,San Jose,95111,,CA,,0,0,0,0,0,0,0,,,,,,,,,,,,,,
Scripps Clinic Rancho Bernardo (Must Call Phone Number for Referral),true,5jg8ZRMbdasCFUZyUGbV,15004 Innovation Dr,32.99053,-117.07647,San Diego,92128,,CA,,0,0,0,0,0,0,0,,,,,,,,,,,,,,
Scripps Coastal Medical Center Vista (Must Call Phone Number for Referral),true,YXrkHRf45VsVMqKoYvLC,130 Cedar Rd,33.187,-117.28401,Vista,92083,,CA,,0,0,0,0,0,0,0,,,,,,,,,,,,,,
Scripps Memorial Hospital (Must Call Phone Number for Referral),true,gDNCTthbYVagVgVSRHGE,354 Santa Fe Dr,33.03623,-117.28496,Encinitas,92024,,CA,,0,0,0,0,0,0,0,,,,,,,,,,,,,,
Scripps Mercy Hospital (Must Call Phone Number for Referral),true,eY6L5CfmxBUnpVYMTRQj,4077 5th Ave,32.75132,-117.16114,San Diego,92103,,CA,,0,0,0,0,0,0,0,,,,,,,,,,,,,,
Scripps Mercy Hospital (Must Call Phone Number for Referral),true,Ti82BAHFSjJpmAhVSRbd,9888 Genesee Ave,32.88464,-117.22242,La Jolla,92037,,CA,,0,0,0,0,0,0,0,,,,,,,,,,,,,,
Scripps Mercy Hospital (Must Call Phone Number for Referral),true,Wvdc6qh4Ypqphnr2hrJM,435 H St,32.63285,-117.08297,Chula Vista,91910,,CA,,0,0,0,0,0,0,0,,,,,,,,,,,,,,
Sinai Grace Hospital,true,p_QjxkqZ3gl4s,6071 W Outer Dr,42.41997,-83.18218,Detroit,48235,,MI,,0,0,0,0,0,0,0,,,,,,,,,,,,,,
Sky Ridge Medical Center,true,nbVTPpKGPbbZ9o5SbeHD,10101 Ridgegate Pkwy,39.53199,-104.87313,Lone Tree,80124,,CO,,0,0,0,0,0,0,0,,,,,,,,,,,,,,
Sky Ridge Medical Center South Parker Er,true,82Tk8vwJSkzhrgL7V5Nk,12223 Pine Bluffs Way,39.51041,-104.80719,Parker,80134,,CO,,0,0,0,0,0,0,0,,,,,,,,,,,,,,
Skyline Medical Center,true,FOfppSw_qykRQzGe,3441 Dickerson Pike Ste 4B,36.24501,-86.74974,Nashville,37207,,TN,,0,0,0,0,0,0,0,,,,,,,,,,,,,,
South Bay Hospital,true,KhFPSrpknzMon5TPsiY7,4016 Sun City Center Blvd,27.71235,-82.36325,Sun City Center,33573,,FL,,0,0,0,0,0,0,0,,,,,,,,,,,,,,
South Coast Global Medical Center,true,9DTdWvwKf6J5JoZ2npYo,2701 S Bristol St,33.71118,-117.88531,Santa Ana,92704,,CA,,0,0,0,0,0,0,0,,,,,,,,,,,,,,
South Miami Hospital,true,BWYGTNcKyVPtMT2u2tWN,6200 SW 73rd St,25.70288,-80.29477,South Miami,33143,,FL,,0,0,0,0,0,0,0,,,,,,,,,,,,,,
Southern Hills Medical Center,true,_imQ7RKrFWFnx,391 Wallace Rd,36.07784,-86.72381,Nashville,37211,,TN,,0,0,0,0,0,0,0,,,,,,,,,,,,,,
Southern Regional Medical Center,true,H655N8mnCoUbRJ93qRV3,11 Upper Riverdale Rd SW,33.57656,-84.38997,Riverdale,30274,,GA,,0,0,0,0,0,0,0,,,,,,,,,,,,,,
Southside Hospital,true,LkGdB4qWDX3Dzx,301 E Main St,40.72522,-73.23938,Bay Shore,11706,,NY,,0,0,0,0,0,0,0,,,,,,,,,,,,,,
Southside Hospital,true,QvzGxyw8if5GhCsd5kWQ,301 E Main St,40.72522,-73.23938,Bay Shore,11706,,NY,,0,0,0,0,0,0,0,,,,,,,,,,,,,,
Southwest General Hospital,true,4tje8CtVKP2SJKa3pZSh,7400 Barlite Blvd,29.35665,-98.54612,San Antonio,78224,,TX,,0,0,0,0,0,0,0,,,,,,,,,,,,,,
Spectrum Health Butterworth Hospital,true,GTbApaNr8WtX2X822kfx,100 Michigan St NE,42.97043,-85.66503,Grand Rapids,49503,,MI,,0,0,0,0,0,0,0,,,,,,,,,,,,,,
St Catherine of Siena Medical Center,true,_CMD30J6WfokzYR,50 Route 25A,40.86829,-73.22304,Smithtown,11787,,NY,,0,0,0,0,0,0,0,,,,,,,,,,,,,,
St Charles Hospital NY,true,QFsUx32PkleO_,200 Belle Terre Rd,40.94773,-73.06038,Port Jefferson,11777,,NY,,0,0,0,0,0,0,0,,,,,,,,,,,,,,
St Joseph Medical Center,true,r2hDHT9H7Qi8v5z5jdTH,1401 St Joseph Pkwy,29.74823,-95.36675,Houston,77002,,TX,,0,0,0,0,0,0,0,,,,,,,,,,,,,,
St Luke's Baptist Hospital,true,-g1rDpgqhkyY,7930 Floyd Curl Dr,29.51142,-98.57526,San Antonio,78229,,TX,,0,0,0,0,0,0,0,,,,,,,,,,,,,,
St Mary Medical Center,true,rwXo-FZyEyezwt,1201 Langhorne Newtown Rd,40.19425,-74.92887,Langhorne,19047,,PA,,0,0,0,0,0,0,0,,,,,,,,,,,,,,
St. Joseph Hospital,true,XSec6G1GqsUbN8O2,1100 W Stewart Dr,33.78228,-117.86508,Orange,92868,,CA,,0,0,0,0,0,0,0,,,,,,,,,,,,,,
St. Joseph Hospital,true,xY4w0ZFx-VnxD,1100 W Stewart Dr,33.78228,-117.86508,Orange,92868,,CA,,0,0,0,0,0,0,0,,,,,,,,,,,,,,
St. Joseph Medical Center,true,PfuRbxsLKCk9DP,1401 St Joseph Pkwy,29.74826,-95.36607,Houston,77002,,TX,,0,0,0,0,0,0,0,,,,,,,,,,,,,,
St. Joseph Medical Center,true,Sr5XfYyP68JnLyBd45SH,1401 St Joseph Pkwy,29.74826,-95.36607,Houston,77002,,TX,,0,0,0,0,0,0,0,,,,,,,,,,,,,,
St. Joseph Medical Center,true,WtkQtur8VjEwDt2Q2G4D,1401 St Joseph Pkwy,29.74826,-95.36607,Houston,77002,,TX,,0,0,0,0,0,0,0,,,,,,,,,,,,,,
St. Jude Medical Center,true,miD7AXw7Sy55aTGsqRSj,101 E Valencia Mesa Dr,33.89352,-117.9284,Fullerton,92835,,CA,,0,0,0,0,0,0,0,,,,,,,,,,,,,,
St. Jude Medical Center,true,xH4_mfhmvXCDD,101 E Valencia Mesa Dr,33.89352,-117.9284,Fullerton,92835,,CA,,0,0,0,0,0,0,0,,,,,,,,,,,,,,
St. Petersburg General Hospital,true,sWZ9EXuTyA1wA1y,6500 38th Ave N,27.80625,-82.72861,St Petersburg,33710,,FL,,0,0,0,0,0,0,0,,,,,,,,,,,,,,
Staten Island University Hospital,true,mTq3yT7CuJdCKNnuPs63,475 Seaview Ave,40.58459,-74.08556,Staten Island,10305,,NY,,0,0,0,0,0,0,0,,,,,,,,,,,,,,
Staten Island University Hospital (North Site),true,DrPQAFd9y8dk,475 Seaview Ave,40.58459,-74.08556,Staten Island,10305,,NY,,0,0,0,0,0,0,0,,,,,,,,,,,,,,
Staten Island University Hospital (South Site),true,glNSoemLUKLj,375 Seguine Ave,40.51698,-74.19613,Staten Island,10309,,NY,,0,0,0,0,0,0,0,,,,,,,,,,,,,,
Staten Island: South Beach Psychiatric Center - Parking Lot,true,b6CQZULGToJyBBxsP2bC,777 Seaview Ave,40.58288,-74.07863,Staten Island,10305,,NY,,0,0,0,0,0,0,0,,,,,,,,,,,,,,
Stonecrest Medical Center,true,_k9LRcrYlZPVU_,200 Stonecrest Blvd,35.97271,-86.56405,Smyrna,37167,,TN,,0,0,0,0,0,0,0,,,,,,,,,,,,,,
Stony Brook University Drive-Thru,true,CbG6TDPsFzSuvDV9M5D7,100 Nicolls Rd South Parking Lot,40.90982,-73.12433,Stony Brook,11794,,NY,,0,0,0,0,0,0,0,,,,,,,,,,,,,,
Stony Brook University Hospital,true,F5on7uUPricG6PceUZuh,101 Nicolls Rd,40.90982,-73.12433,Stony Brook,11794,,NY,,0,0,0,0,0,0,0,,,,,,,,,,,,,,
Summit Medical Center,true,_rCogErQf0j_C,5655 Frist Blvd Ste 100,36.17784,-86.60607,Hermitage,37076,,TN,,0,0,0,0,0,0,0,,,,,,,,,,,,,,
Swedish Belmar Er,true,WSwJzwNeFgGUn5Fcro5L,260 S Wadsworth Blvd,39.71163,-105.08137,Lakewood,80226,,CO,,0,0,0,0,0,0,0,,,,,,,,,,,,,,
Swedish Medical Center,true,Fed5eX5VttUspoCD2LV5,501 E Hampden Ave,39.654,-104.98116,Englewood,80113,,CO,,0,0,0,0,0,0,0,,,,,,,,,,,,,,
Syosset Hospital,true,SrSxyEkM_Qqo,221 Jericho Tpke,40.81038,-73.50687,Syosset,11791,,NY,,0,0,0,0,0,0,0,,,,,,,,,,,,,,
Tampa Community  Hospital,true,YXHPocdAjsdWew8Hx6Rw,6001 Webb Rd,28.00272,-82.57508,Tampa,33615,,FL,,0,0,0,0,0,0,0,,,,,,,,,,,,,,
Tech City,true,EfW7uH2huycYH9FmJZGU,300 Enterprise Dr,41.97017,-73.99834,Kingston,12401,,NY,,0,0,0,0,0,0,0,,,,,,,,,,,,,,
Texas Health Arlington Memorial Hospital,true,64qRVVq4Mz5GAmL8ktHy,800 W Randol Mill Rd,32.75004,-97.11603,Arlington,76012,,TX,,0,0,0,0,0,0,0,,,,,,,,,,,,,,
Texas Health Harris Methodist Hospital Alliance,true,iBJn8YTW7g49ForwkaL2,10864 Texas Health Trl,32.95028,-97.29381,Fort Worth,76244,,TX,,0,0,0,0,0,0,0,,,,,,,,,,,,,,
Texas Health Harris Methodist Hospital Azle,true,iis5gzzeqAFq5JqhzoLY,108 Denver Trl,32.8813,-97.53317,Azle,76020,,TX,,0,0,0,0,0,0,0,,,,,,,,,,,,,,
Texas Health Harris Methodist Hospital Fort Worth,true,fAWWp3XHEfEHpmRZGjZa,1301 Pennsylvania Ave,32.73778,-97.33897,Fort Worth,76104,,TX,,0,0,0,0,0,0,0,,,,,,,,,,,,,,
Texas Health Harris Methodist Hospital Hurst-Euless-Bedford,true,3LRLuf7FpfNg8m2PwYS4,1600 Hospital Pkwy,32.83511,-97.1233,Bedford,76022,,TX,,0,0,0,0,0,0,0,,,,,,,,,,,,,,
Texas Health Harris Methodist Hospital Southlake,true,kcDXkerWZDHWhAoYP3Nx,1545 E Southlake Blvd,32.94363,-97.12962,Southlake,76092,,TX,,0,0,0,0,0,0,0,,,,,,,,,,,,,,
Texas Health Harris Methodist Hospital Southwest Fort Worth,true,aZRWvcKN2X5GdnDubvtV,6100 Harris Pkwy,32.65817,-97.42077,Fort Worth,76132,,TX,,0,0,0,0,0,0,0,,,,,,,,,,,,,,
Texas Health Heart & Vascular Hospital Arlington,true,BstrzgUus7ABCpyt7Fkp,811 Wright St,32.7482,-97.11706,Arlington,76012,,TX,,0,0,0,0,0,0,0,,,,,,,,,,,,,,
Texas Health Huguley Hospital Fort Worth South,true,6C72vLnF8W6qS9g7Bcef,11801 South Fwy # I-35W,32.58368,-97.31233,Burleson,76028,,TX,,0,0,0,0,0,0,0,,,,,,,,,,,,,,
Texas Health Presbyterian Hospital Allen,true,qrRK4NdpUEvnP4cUpweA,1105 Central Expy N,33.1134,-96.67258,Allen,75013,,TX,,0,0,0,0,0,0,0,,,,,,,,,,,,,,
Texas Health Presbyterian Hospital Dallas,true,vgcVw6LmZMBK7isY5xbR,8200 Walnut Hill Ln,32.88316,-96.76213,Dallas,75231,,TX,,0,0,0,0,0,0,0,,,,,,,,,,,,,,
Texas Health Presbyterian Hospital Denton,true,W2Hj2YvVamcfpdD2PeYL,3000 N Interstate 35,33.18269,-97.10376,Denton,76201,,TX,,0,0,0,0,0,0,0,,,,,,,,,,,,,,
Texas Health Presbyterian Hospital Flower Mound,true,4ULcJRkjrdEdihMD4qFR,4400 Long Prairie Rd,33.0458,-97.06749,Flower Mound,75028,,TX,,0,0,0,0,0,0,0,,,,,,,,,,,,,,
Texas Health Presbyterian Hospital Plano,true,E5txZbDA3EArnPoqAvV2,6200 W Parker Rd,33.04504,-96.83617,Plano,75093,,TX,,0,0,0,0,0,0,0,,,,,,,,,,,,,,
The Hospital At Westlake Medical Center,true,MvejoqyyVRuwPRZC7CHJ,5656 Bee Caves Rd,30.29441,-97.82416,West Lake Hills,78746,,TX,,0,0,0,0,0,0,0,,,,,,,,,,,,,,
The Hospitals of Providence East Campus,true,NB7IYG7MpdeNxX,3280 Joe Battle Blvd,31.79034,-106.26468,El Paso,79938,,TX,,0,0,0,0,0,0,0,,,,,,,,,,,,,,
The Hospitals of Providence Emergency Room Northeast,true,CduoKxnisXt6XTz74QCy,11380 Gateway Blvd N,31.66205,-106.24224,El Paso,79934,,TX,,0,0,0,0,0,0,0,,,,,,,,,,,,,,
The Hospitals of Providence Horizon City Campus,true,N9FYYEkTKq7B4f8Zzc4P,13600 Horizon Blvd Ste 100,31.68318,-106.20529,Horizon City,79928,,TX,,0,0,0,0,0,0,0,,,,,,,,,,,,,,
The Hospitals of Providence Sierra Campus,true,0U7IwGyYgci10IE,1625 Medical Center Dr,31.7775,-106.47966,El Paso,79902,,TX,,0,0,0,0,0,0,0,,,,,,,,,,,,,,
The Hospitals of Providence Transmountain Campus,true,Hk3yw-vp8dNyX,2000 Trans Mountain Rd,31.88571,-106.56137,El Paso,79911,,TX,,0,0,0,0,0,0,0,,,,,,,,,,,,,,
The University of Texas M. D. Anderson Cancer Center (Only MD Anderson Patients),true,HnXfB8j8MELgXuDwWgRu,1515 Holcombe Blvd,29.70631,-95.39719,Houston,77030,,TX,,0,0,0,0,0,0,0,,,,,,,,,,,,,,
The University of Texas M. D. Anderson Cancer Center (Only MD Anderson Patients),true,USraqb9utsjNX2rKesD7,1515 Holcombe Blvd,29.70631,-95.39719,Houston,77030,,TX,,0,0,0,0,0,0,0,,,,,,,,,,,,,,
Torrance Memorial Medical Center,true,4jeyzxaQzLtpq5F5TokW,3330 Lomita Blvd,33.8126,-118.34383,Torrance,90505,,CA,,0,0,0,0,0,0,0,,,,,,,,,,,,,,
TriStar Centennial Medical Center,true,f5N61L4Heg_I,2300 Patterson St,36.15196,-86.8096,Nashville,37203,,TN,,0,0,0,0,0,0,0,,,,,,,,,,,,,,
Truman Medical Center - Hospital Hill,true,wAJxS9yopNRhC56GvQVB,2301 Holmes St,39.08465,-94.57547,Kansas City,64108,,MO,,0,0,0,0,0,0,0,,,,,,,,,,,,,,
Truman Medical Center Lakewood,true,YdEYr9Difavyb7SjTZVd,7900 Lees Summit Rd,38.97456,-94.39042,Kansas City,64139,,MO,,0,0,0,0,0,0,0,,,,,,,,,,,,,,
Ucla Burbank Primary and Specialty Care - Established Ucla Patients Only,true,dBzD2n6KseMjiRXSvLsz,2601 W Alameda Ave Ste 416,34.15795,-118.32917,Burbank,91505,,CA,,0,0,0,0,0,0,0,,,,,,,,,,,,,,
Ucla Encino Primary & Specialty Care- Established Ucla Patients Only,true,dtxUABc6mtTgZuwNDp9A,15503 Ventura Blvd Ste 350,34.15521,-118.47215,Encino,91436,,CA,,0,0,0,0,0,0,0,,,,,,,,,,,,,,
Ucla Malibu Immediate Care - Established Ucla Patients Only,true,i2hgwwvRqwG5K8pW4vDg,23815 Stuart Ranch Rd Ste 301,34.03762,-118.6939,Malibu,90265,,CA,,0,0,0,0,0,0,0,,,,,,,,,,,,,,
Ucla Marina del Rey Immediate Care - Established Ucla Patients Only,true,WincCVxJP7TPs48rJMEg,4560 Admiralty Way Ste 100,33.98325,-118.44284,Marina del Rey,90292,,CA,,0,0,0,0,0,0,0,,,,,,,,,,,,,,
Ucla Medical Center Ronald Reagan - Screening & Testing Patients Who Meet Cdc Criteria,true,6ixikFyRaerxbpqmMBLX,757 Westwood Plz,34.06661,-118.44576,Los Angeles,90095,,CA,,0,0,0,0,0,0,0,,,,,,,,,,,,,,
"Ucla Medical Center, Ronald Reagan",true,PKBlVs7KQduX9y,757 Westwood Plz,34.06661,-118.44576,Los Angeles,90095,,CA,,0,0,0,0,0,0,0,,,,,,,,,,,,,,
"Ucla Medical Center, Santa Monica",true,CEdjBv9G8k5vJN,1250 16th St,34.02755,-118.48619,Santa Monica,90404,,CA,,0,0,0,0,0,0,0,,,,,,,,,,,,,,
Ucla Palos Verdes Primary and Specialty Care - Established Ucla Patients Only,true,HfFFHRUWu4JQUMUVg2T8,501 Deep Valley Dr Ste 100,33.77303,-118.3751,Rolling Hills Estates,90274,,CA,,0,0,0,0,0,0,0,,,,,,,,,,,,,,
Ucla Playa Marina Primary Care - Established Ucla Patients Only,true,fvuRHvaK9ns7gdQXKdqA,4560 Admiralty Way Ste 100,33.98325,-118.44284,Marina del Rey,90292,,CA,,0,0,0,0,0,0,0,,,,,,,,,,,,,,
Ucla Redondo Beach Immediate Care - Established Ucla Patients Only,true,98zqGaqCzujQHyBbLCha,514 N Prospect Ave Ste 103,33.85198,-118.37878,Redondo Beach,90277,,CA,,0,0,0,0,0,0,0,,,,,,,,,,,,,,
Ucla Santa Clarita Immediate Care - Established Ucla Patients Only,true,KTDXahMJdbjGQ27Ujuee,27235 Tourney Rd Ste 2500,34.42244,-118.57972,Santa Clarita,91355,,CA,,0,0,0,0,0,0,0,,,,,,,,,,,,,,
Ucla Santa Clarita-Primary & Specialty Care - Established Ucla Patients Only,true,eRHFGwjN8iZvNQHetb3B,27235 Tourney Rd Ste 2500,34.42244,-118.57972,Santa Clarita,91355,,CA,,0,0,0,0,0,0,0,,,,,,,,,,,,,,
Ucla Santa Monica 16th Street Immediate Care - Established Ucla Patients Only,true,qcwhyhi52WPWGkTXc6Ce,1245 16th St Ste 125,34.02776,-118.48617,Santa Monica,90404,,CA,,0,0,0,0,0,0,0,,,,,,,,,,,,,,
Ucla Santa Monica Wilshire Immediate Care - Established Ucla Patients Only,true,QQMF9W3J9dTPyqrZakeF,2424 Wilshire Blvd,34.03413,-118.47919,Santa Monica,90403,,CA,,0,0,0,0,0,0,0,,,,,,,,,,,,,,
Ucla Ventura Primary and Specialty Care - Established Ucla Patients Only,true,PDHfruBVyjNPEMgcPjZf,6333 Telephone Rd,34.266197204589844,-119.20719146728516,Ventura,93003,,CA,,0,0,0,0,0,0,0,,,,,,,,,,,,,,
Ucla Woodland Hills Primary Care - Established Ucla Patients Only,true,Cgri94tUYM58PnYZmPCE,6344 Topanga Canyon Blvd Ste 2040,34.18449,-118.60143,Woodland Hills,91367,,CA,,0,0,0,0,0,0,0,,,,,,,,,,,,,,
UCSF Medical Center,true,rXwHgVmqRKMDf,505 Parnassus Ave,37.76335,-122.45901,San Francisco,94143,,CA,,0,0,0,0,0,0,0,,,,,,,,,,,,,,
Ucsf Medical Center At Mission Bay,true,M_ijUL-XYI0wf,1825 4th St,37.76563,-122.38983,San Francisco,94143,,CA,,0,0,0,0,0,0,0,,,,,,,,,,,,,,
Ucsf Medical Center At Mount Zion,true,_Zoq264Kdeds-j,1600 Divisadero St,37.78444,-122.43951,San Francisco,94143,,CA,,0,0,0,0,0,0,0,,,,,,,,,,,,,,
Ucsf Radiology At Parnassus,true,IUclNpBw7SjhYP,505 Parnassus Ave # M-327,37.76335,-122.45901,San Francisco,94143,,CA,,0,0,0,0,0,0,0,,,,,,,,,,,,,,
UHealth Tower,true,UwtaWpa63eahYyHGC4bn,1400 NW 12th Ave,25.7876,-80.21509,Miami,33136,,FL,,0,0,0,0,0,0,0,,,,,,,,,,,,,,
University Hospital and Medical Center,true,rKql9LDhHtFXVJ,7201 N University Dr,26.21212,-80.2544,Tamarac,33321,,FL,,0,0,0,0,0,0,0,,,,,,,,,,,,,,
University Medical Center of el Paso,true,c6wFJrXdUjY6BzpKZ3NF,4815 Alameda Ave,31.77032,-106.43291,El Paso,79905,,TX,,0,0,0,0,0,0,0,,,,,,,,,,,,,,
Ut Southwestern William P. Clements Jr. University Hospital,true,MyrQb7u7M3an5Yo3twZu,6201 Harry Hines Blvd,32.819366455078125,-96.84883880615234,Dallas,75235,,TX,,0,0,0,0,0,0,0,,,,,,,,,,,,,,
Vanderbilt Health & Williamson Medical Center Walk-In Clinic Spring Hill,true,HWvZr6oPDuDPwPbqtvpq,3098 Campbell Station Pkwy Ste 100,35.75691,-86.88954,Spring Hill,37174,,TN,,0,0,0,0,0,0,0,,,,,,,,,,,,,,
Vanderbilt Health and Williamson Medical Center Walk-In Clinic Brentwood,true,Xs2CwGDWkzvYZPHnPuHs,134 Pewitt Dr Ste 200,36.03826,-86.78657,Brentwood,37027,,TN,,0,0,0,0,0,0,0,,,,,,,,,,,,,,
Vanderbilt Health and Williamson Medical Center Walk-In Clinic Cool Spings,true,cpMMsJ4TNLwYbPsrxcZL,1834 W McEwen Dr Ste 110,35.9578,-86.81082,Franklin,37067,,TN,,0,0,0,0,0,0,0,,,,,,,,,,,,,,
Vanderbilt Health and Williamson Medical Center Walk-In Clinic Franklin,true,WrhWzSdFk2dScFE8wktL,919 Murfreesboro Rd,35.91708,-86.8431,Franklin,37064,,TN,,0,0,0,0,0,0,0,,,,,,,,,,,,,,
Vanderbilt Health and Williamson Medical Center Walk-In Clinic Nolensville,true,zuUJihPkFgxzQafWBeub,940 Oldham Dr,35.9617,-86.67216,Nolensville,37135,,TN,,0,0,0,0,0,0,0,,,,,,,,,,,,,,
Vanderbilt Health Walk-In Clinic Belle Meade,true,SFMkncrqW5QKZR5YZwkT,4534 Harding Pike,36.12467,-86.84822,Nashville,37205,,TN,,0,0,0,0,0,0,0,,,,,,,,,,,,,,
Vanderbilt Health Walk-In Clinic Bellevue,true,9unAM2Umcug8yYRRFrPJ,7069B Highway 70 S,36.07314,-86.91635,Nashville,37221,,TN,,0,0,0,0,0,0,0,,,,,,,,,,,,,,
Vanderbilt Health Walk-In Clinic Clarksville,true,mCzhpF2zpbypmeMtCWJz,800 Weatherly Dr Ste 201B,36.5634,-87.2673,Clarksville,37043,,TN,,0,0,0,0,0,0,0,,,,,,,,,,,,,,
Vanderbilt Health Walk-In Clinic Gallatin,true,uCAV6mrKXgXjrYuecsvK,300 Steam Plant Rd Ste 430,36.39064,-86.43276,Gallatin,37066,,TN,,0,0,0,0,0,0,0,,,,,,,,,,,,,,
Vanderbilt Health Walk-In Clinic Melrose,true,stU9fmQkRwybbyCwEBsL,2608 8th Ave S Ste 102A,36.1225,-86.78844,Nashville,37204,,TN,,0,0,0,0,0,0,0,,,,,,,,,,,,,,
Vanderbilt Health Walk-In Clinic Mt. Juliet,true,bHqwTPHS7nQHS3FLTNeQ,64 Belinda Pkwy Ste 200A,36.15984,-86.53847,Mount Juliet,37122,,TN,,0,0,0,0,0,0,0,,,,,,,,,,,,,,
Vassar Brothers Medical Center,true,bki789oQotyFEnqbmHjS,45 Reade Pl,41.69437,-73.93491,Poughkeepsie,12601,,NY,,0,0,0,0,0,0,0,,,,,,,,,,,,,,
Vcu Medical Center,true,TwZpnaEASKqTpM4pQLYA,1250 E Marshall St,37.53919,-77.42913,Richmond,23298,,VA,,0,0,0,0,0,0,0,,,,,,,,,,,,,,
Waterbury Hospital,true,fdeocCrijyRMYfA8BiYs,64 Robbins St,41.55955,-73.05937,Waterbury,06708,,CT,,0,0,0,0,0,0,0,,,,,,,,,,,,,,
Wellington Regional Medical Center,true,TbAvgzBhfJArEw785HeG,10101 Forest Hill Blvd,26.6523,-80.20504,Wellington,33414,,FL,,0,0,0,0,0,0,0,,,,,,,,,,,,,,
WellStar West Georgia Medical Center,true,iGhkyGP8G36dAVpcMFxH,1514 Vernon Rd,33.03203,-85.0578,Lagrange,30240,,GA,,0,0,0,0,0,0,0,,,,,,,,,,,,,,
West Anaheim Medical Center,true,CMFzVze2o3uo4rems7VC,3033 W Orange Ave,33.82541,-117.99382,Anaheim,92804,,CA,,0,0,0,0,0,0,0,,,,,,,,,,,,,,
West Boca Medical Center,true,acWwNtxRmQTX-,21644 State Road 7,26.35555,-80.20325,Boca Raton,33428,,FL,,0,0,0,0,0,0,0,,,,,,,,,,,,,,
West Hills Hospital & Medical Center,true,iSXqENKntYNWfTmxbg9V,7300 Medical Center Dr,34.2038,-118.63073,West Hills,91307,,CA,,0,0,0,0,0,0,0,,,,,,,,,,,,,,
West Kendall Baptist Hospital,true,aBk4ukYtXmJJFjHwcXyc,9555 SW 162nd Ave,25.67867,-80.45598,Miami,33196,,FL,,0,0,0,0,0,0,0,,,,,,,,,,,,,,
"Westchester General Hospital, Inc.",true,sxKNA8RoLdt7sn,2500 SW 75th Ave,25.74734,-80.31764,Miami,33155,,FL,,0,0,0,0,0,0,0,,,,,,,,,,,,,,
Westchester Medical Center,true,Qo4VSR4pLsxMP,100 Woods Rd,41.08665,-73.80583,Valhalla,10595,,NY,,0,0,0,0,0,0,0,,,,,,,,,,,,,,
Westside Regional Medical Center,true,WfnVBkQtGGQneCc4j9YA,8201 W Broward Blvd,26.12148,-80.25918,Plantation,33324,,FL,,0,0,0,0,0,0,0,,,,,,,,,,,,,,
Whittier Hospital Medical Center,true,ddtedgr8ovL93V4JEUa9,9080 Colima Rd,33.951,-118.00482,Whittier,90605,,CA,,0,0,0,0,0,0,0,,,,,,,,,,,,,,
Williamson Medical Center,true,IN5YY85U2Xef,4321 Carothers Pkwy,35.91567,-86.81156,Franklin,37067,,TN,,0,0,0,0,0,0,0,,,,,,,,,,,,,,
Williamson Medical Center,true,LXZ2B9rbXe6FguohNGZ5,1106 Elliston Way,35.79343,-86.89458,Thompsons Station,37179,,TN,,0,0,0,0,0,0,0,,,,,,,,,,,,,,
Wyckoff Heights Medical Center,true,boYTsz8p65uBTtfaUgqs,374 Stockholm St,40.70419,-73.91756,Brooklyn,11237,,NY,,0,0,0,0,0,0,0,,,,,,,,,,,,,,
Yale-New Haven Hospital,true,kZnM2YKEKV7M5emhHptf,20 York St,41.30401,-72.9349,New Haven,06510,,CT,,0,0,0,0,0,0,0,,,,,,,,,,,,,,
Zale Lipshy University Hospital,true,XwibKLsVDK5oEBAwdcbL,5151 Harry Hines Blvd,32.81195,-96.83751,Dallas,75235,,TX,,0,0,0,0,0,0,0,,,,,,,,,,,,,,
